attack_element_correct_id,str_scales_physical,str_overwrite_physical,str_influence_physical,str_scales_magic,str_overwrite_magic,str_influence_magic,str_scales_fire,str_overwrite_fire,str_influence_fire,str_scales_lightning,str_overwrite_lightning,str_influence_lightning,str_scales_holy,str_overwrite_holy,str_influence_holy,dex_scales_physical,dex_overwrite_physical,dex_influence_physical,dex_scales_magic,dex_overwrite_magic,dex_influence_magic,dex_scales_fire,dex_overwrite_fire,dex_influence_fire,dex_scales_lightning,dex_overwrite_lightning,dex_influence_lightning,dex_scales_holy,dex_overwrite_holy,dex_influence_holy,int_scales_physical,int_overwrite_physical,int_influence_physical,int_scales_magic,int_overwrite_magic,int_influence_magic,int_scales_fire,int_overwrite_fire,int_influence_fire,int_scales_lightning,int_overwrite_lightning,int_influence_lightning,int_scales_holy,int_overwrite_holy,int_influence_holy,fai_scales_physical,fai_overwrite_physical,fai_influence_physical,fai_scales_magic,fai_overwrite_magic,fai_influence_magic,fai_scales_fire,fai_overwrite_fire,fai_influence_fire,fai_scales_lightning,fai_overwrite_lightning,fai_influence_lightning,fai_scales_holy,fai_overwrite_holy,fai_influence_holy,arc_scales_physical,arc_overwrite_physical,arc_influence_physical,arc_scales_magic,arc_overwrite_magic,arc_influence_magic,arc_scales_fire,arc_overwrite_fire,arc_influence_fire,arc_scales_lightning,arc_overwrite_lightning,arc_influence_lightning,arc_scales_holy,arc_overwrite_holy,arc_influence_holy
10,0,-1.0,100.0,0,-1.0,100.0,0,-1.0,100.0,1,100.0,100.0,0,-1.0,100.0,0,-1.0,100.0,0,-1.0,100.0,0,-1.0,100.0,1,100.0,100.0,0,-1.0,100.0,0,-1.0,100.0,0,-1.0,100.0,0,-1.0,100.0,0,-1.0,100.0,0,-1.0,100.0,0,-1.0,100.0,0,-1.0,100.0,0,-1.0,100.0,0,-1.0,100.0,0,-1.0,100.0,0,-1.0,100.0,0,-1.0,100.0,0,-1.0,100.0,0,-1.0,100.0,0,-1.0,100.0
1000,0,-1.0,100.0,0,-1.0,100.0,1,-1.0,100.0,0,-1.0,100.0,0,-1.0,100.0,0,-1.0,100.0,0,-1.0,100.0,1,-1.0,100.0,0,-1.0,100.0,0,-1.0,100.0,0,-1.0,100.0,0,-1.0,100.0,1,-1.0,100.0,0,-1.0,100.0,0,-1.0,100.0,0,-1.0,100.0,0,-1.0,100.0,0,-1.0,100.0,0,-1.0,100.0,0,-1.0,100.0,0,-1.0,100.0,0,-1.0,100.0,0,-1.0,100.0,0,-1.0,100.0,0,-1.0,100.0
1001,0,-1.0,100.0,0,-1.0,100.0,0,-1.0,100.0,0,-1.0,100.0,0,-1.0,100.0,0,-1.0,100.0,0,-1.0,100.0,0,-1.0,100.0,0,-1.0,100.0,0,-1.0,100.0,0,-1.0,100.0,0,-1.0,100.0,0,-1.0,100.0,1,-1.0,100.0,0,-1.0,100.0,0,-1.0,100.0,0,-1.0,100.0,0,-1.0,100.0,1,-1.0,100.0,0,-1.0,100.0,0,-1.0,100.0,0,-1.0,100.0,0,-1.0,100.0,0,-1.0,100.0,0,-1.0,100.0
1002,0,-1.0,100.0,0,-1.0,100.0,0,-1.0,100.0,0,-1.0,100.0,0,-1.0,100.0,0,-1.0,100.0,0,-1.0,100.0,0,-1.0,100.0,0,-1.0,100.0,0,-1.0,100.0,0,-1.0,100.0,0,-1.0,100.0,0,-1.0,100.0,0,-1.0,100.0,0,-1.0,100.0,0,-1.0,100.0,0,-1.0,100.0,0,-1.0,100.0,0,-1.0,100.0,1,-1.0,100.0,0,-1.0,100.0,0,-1.0,100.0,0,-1.0,100.0,0,-1.0,100.0,0,-1.0,100.0
1010,1,-1.0,100.0,0,-1.0,100.0,0,-1.0,100.0,0,-1.0,100.0,0,-1.0,100.0,1,-1.0,100.0,0,-1.0,100.0,0,-1.0,100.0,0,-1.0,100.0,0,-1.0,100.0,0,-1.0,100.0,0,-1.0,100.0,0,-1.0,100.0,0,-1.0,100.0,0,-1.0,100.0,0,-1.0,100.0,0,-1.0,100.0,0,-1.0,100.0,0,-1.0,100.0,0,-1.0,100.0,0,-1.0,100.0,0,-1.0,100.0,0,-1.0,100.0,0,-1.0,100.0,0,-1.0,100.0
1011,1,-1.0,100.0,0,-1.0,100.0,0,-1.0,100.0,0,-1.0,100.0,0,-1.0,100.0,1,-1.0,100.0,0,-1.0,100.0,0,-1.0,100.0,0,-1.0,100.0,0,-1.0,100.0,0,-1.0,100.0,0,-1.0,100.0,0,-1.0,100.0,0,-1.0,100.0,0,-1.0,100.0,0,-1.0,100.0,0,-1.0,100.0,0,-1.0,100.0,0,-1.0,100.0,0,-1.0,100.0,0,-1.0,100.0,0,-1.0,100.0,0,-1.0,100.0,0,-1.0,100.0,0,-1.0,100.0
1012,1,-1.0,100.0,0,-1.0,100.0,0,-1.0,100.0,0,-1.0,100.0,0,-1.0,100.0,1,-1.0,100.0,0,-1.0,100.0,0,-1.0,100.0,0,-1.0,100.0,0,-1.0,100.0,0,-1.0,100.0,0,-1.0,100.0,0,-1.0,100.0,0,-1.0,100.0,0,-1.0,100.0,0,-1.0,100.0,0,-1.0,100.0,0,-1.0,100.0,0,-1.0,100.0,0,-1.0,100.0,0,-1.0,100.0,0,-1.0,100.0,0,-1.0,100.0,0,-1.0,100.0,0,-1.0,100.0
1013,1,-1.0,100.0,0,-1.0,100.0,0,-1.0,100.0,0,-1.0,100.0,0,-1.0,100.0,1,-1.0,100.0,0,-1.0,100.0,0,-1.0,100.0,0,-1.0,100.0,0,-1.0,100.0,0,-1.0,100.0,0,-1.0,100.0,0,-1.0,100.0,0,-1.0,100.0,0,-1.0,100.0,0,-1.0,100.0,0,-1.0,100.0,0,-1.0,100.0,0,-1.0,100.0,0,-1.0,100.0,0,-1.0,100.0,0,-1.0,100.0,0,-1.0,100.0,0,-1.0,100.0,0,-1.0,100.0
1014,1,-1.0,100.0,0,-1.0,100.0,0,-1.0,100.0,0,-1.0,100.0,0,-1.0,100.0,1,-1.0,100.0,0,-1.0,100.0,0,-1.0,100.0,0,-1.0,100.0,0,-1.0,100.0,0,-1.0,100.0,0,-1.0,100.0,0,-1.0,100.0,0,-1.0,100.0,0,-1.0,100.0,0,-1.0,100.0,0,-1.0,100.0,0,-1.0,100.0,0,-1.0,100.0,0,-1.0,100.0,0,-1.0,100.0,0,-1.0,100.0,0,-1.0,100.0,0,-1.0,100.0,0,-1.0,100.0
1015,1,-1.0,100.0,0,-1.0,100.0,0,-1.0,100.0,0,-1.0,100.0,0,-1.0,100.0,1,-1.0,100.0,0,-1.0,100.0,0,-1.0,100.0,0,-1.0,100.0,0,-1.0,100.0,0,-1.0,100.0,0,-1.0,100.0,0,-1.0,100.0,0,-1.0,100.0,0,-1.0,100.0,0,-1.0,100.0,0,-1.0,100.0,0,-1.0,100.0,0,-1.0,100.0,0,-1.0,100.0,0,-1.0,100.0,0,-1.0,100.0,0,-1.0,100.0,0,-1.0,100.0,0,-1.0,100.0
1016,1,-1.0,100.0,0,-1.0,100.0,0,-1.0,100.0,0,-1.0,100.0,0,-1.0,100.0,1,-1.0,100.0,0,-1.0,100.0,0,-1.0,100.0,0,-1.0,100.0,0,-1.0,100.0,0,-1.0,100.0,0,-1.0,100.0,0,-1.0,100.0,0,-1.0,100.0,0,-1.0,100.0,0,-1.0,100.0,0,-1.0,100.0,0,-1.0,100.0,0,-1.0,100.0,0,-1.0,100.0,0,-1.0,100.0,0,-1.0,100.0,0,-1.0,100.0,0,-1.0,100.0,0,-1.0,100.0
1020,0,-1.0,100.0,0,-1.0,100.0,0,-1.0,100.0,0,-1.0,100.0,0,-1.0,100.0,0,-1.0,100.0,0,-1.0,100.0,0,-1.0,100.0,0,-1.0,100.0,0,-1.0,100.0,0,-1.0,100.0,0,-1.0,100.0,1,-1.0,100.0,0,-1.0,100.0,0,-1.0,100.0,0,-1.0,100.0,0,-1.0,100.0,1,-1.0,100.0,0,-1.0,100.0,0,-1.0,100.0,0,-1.0,100.0,0,-1.0,100.0,0,-1.0,100.0,0,-1.0,100.0,0,-1.0,100.0
1030,0,-1.0,100.0,0,-1.0,100.0,0,-1.0,100.0,0,-1.0,100.0,0,-1.0,100.0,0,-1.0,100.0,0,-1.0,100.0,0,-1.0,100.0,0,-1.0,100.0,0,-1.0,100.0,1,-1.0,100.0,0,-1.0,100.0,0,-1.0,100.0,0,-1.0,100.0,0,-1.0,100.0,1,-1.0,100.0,0,-1.0,100.0,0,-1.0,100.0,0,-1.0,100.0,0,-1.0,100.0,0,-1.0,100.0,0,-1.0,100.0,0,-1.0,100.0,0,-1.0,100.0,0,-1.0,100.0
1040,0,-1.0,100.0,0,-1.0,100.0,1,-1.0,100.0,0,-1.0,100.0,0,-1.0,100.0,0,-1.0,100.0,0,-1.0,100.0,1,-1.0,100.0,0,-1.0,100.0,0,-1.0,100.0,0,-1.0,100.0,0,-1.0,100.0,1,-1.0,100.0,0,-1.0,100.0,0,-1.0,100.0,0,-1.0,100.0,0,-1.0,100.0,0,-1.0,100.0,0,-1.0,100.0,0,-1.0,100.0,0,-1.0,100.0,0,-1.0,100.0,0,-1.0,100.0,0,-1.0,100.0,0,-1.0,100.0
1041,0,-1.0,100.0,0,-1.0,100.0,1,-1.0,100.0,0,-1.0,100.0,0,-1.0,100.0,0,-1.0,100.0,0,-1.0,100.0,1,-1.0,100.0,0,-1.0,100.0,0,-1.0,100.0,0,-1.0,100.0,0,-1.0,100.0,1,-1.0,100.0,0,-1.0,100.0,0,-1.0,100.0,0,-1.0,100.0,0,-1.0,100.0,0,-1.0,100.0,0,-1.0,100.0,0,-1.0,100.0,0,-1.0,100.0,0,-1.0,100.0,0,-1.0,100.0,0,-1.0,100.0,0,-1.0,100.0
1042,0,-1.0,100.0,0,-1.0,100.0,1,-1.0,100.0,0,-1.0,100.0,0,-1.0,100.0,0,-1.0,100.0,0,-1.0,100.0,1,-1.0,100.0,0,-1.0,100.0,0,-1.0,100.0,0,-1.0,100.0,0,-1.0,100.0,0,-1.0,100.0,0,-1.0,100.0,0,-1.0,100.0,0,-1.0,100.0,0,-1.0,100.0,1,-1.0,100.0,0,-1.0,100.0,0,-1.0,100.0,0,-1.0,100.0,0,-1.0,100.0,0,-1.0,100.0,0,-1.0,100.0,0,-1.0,100.0
10000,1,-1.0,100.0,0,-1.0,100.0,0,-1.0,100.0,0,-1.0,100.0,0,-1.0,100.0,1,-1.0,100.0,0,-1.0,100.0,0,-1.0,100.0,1,-1.0,100.0,0,-1.0,100.0,0,-1.0,100.0,1,-1.0,100.0,0,-1.0,100.0,0,-1.0,100.0,0,-1.0,100.0,0,-1.0,100.0,0,-1.0,100.0,1,-1.0,100.0,0,-1.0,100.0,1,-1.0,100.0,0,-1.0,100.0,0,-1.0,100.0,0,-1.0,100.0,0,-1.0,100.0,0,-1.0,100.0
10005,1,-1.0,100.0,0,-1.0,100.0,1,-1.0,100.0,0,-1.0,100.0,0,-1.0,100.0,1,-1.0,100.0,0,-1.0,100.0,0,-1.0,100.0,1,-1.0,100.0,0,-1.0,100.0,0,-1.0,100.0,1,-1.0,100.0,0,-1.0,100.0,0,-1.0,100.0,0,-1.0,100.0,0,-1.0,100.0,0,-1.0,100.0,0,-1.0,100.0,0,-1.0,100.0,1,-1.0,100.0,0,-1.0,100.0,0,-1.0,100.0,0,-1.0,100.0,0,-1.0,100.0,0,-1.0,100.0
10013,1,-1.0,100.0,0,-1.0,100.0,0,-1.0,100.0,0,-1.0,100.0,0,-1.0,100.0,1,-1.0,100.0,0,-1.0,100.0,0,-1.0,100.0,1,-1.0,100.0,0,-1.0,100.0,0,-1.0,100.0,1,-1.0,100.0,0,-1.0,100.0,0,-1.0,100.0,0,-1.0,100.0,0,-1.0,100.0,0,-1.0,100.0,1,-1.0,100.0,0,-1.0,100.0,1,-1.0,100.0,1,-1.0,100.0,0,-1.0,100.0,0,-1.0,100.0,0,-1.0,100.0,0,-1.0,100.0
10100,1,-1.0,100.0,0,-1.0,100.0,0,-1.0,100.0,0,-1.0,100.0,0,-1.0,100.0,1,-1.0,100.0,0,-1.0,100.0,0,-1.0,100.0,1,-1.0,100.0,0,-1.0,100.0,0,-1.0,100.0,1,-1.0,100.0,0,-1.0,100.0,0,-1.0,100.0,0,-1.0,100.0,0,-1.0,100.0,0,-1.0,100.0,1,-1.0,100.0,0,-1.0,100.0,1,-1.0,100.0,1,-1.0,100.0,1,-1.0,100.0,1,-1.0,100.0,1,-1.0,100.0,1,-1.0,100.0
12000,1,-1.0,100.0,0,-1.0,100.0,0,-1.0,100.0,0,-1.0,100.0,0,-1.0,100.0,1,-1.0,100.0,0,-1.0,100.0,0,-1.0,100.0,1,-1.0,100.0,0,-1.0,100.0,0,-1.0,100.0,1,-1.0,100.0,0,-1.0,100.0,0,-1.0,100.0,0,-1.0,100.0,1,-1.0,100.0,0,-1.0,100.0,1,-1.0,100.0,0,-1.0,100.0,1,-1.0,100.0,0,-1.0,100.0,0,-1.0,100.0,0,-1.0,100.0,0,-1.0,100.0,0,-1.0,100.0
12005,1,-1.0,100.0,0,-1.0,100.0,1,-1.0,100.0,0,-1.0,100.0,0,-1.0,100.0,1,-1.0,100.0,0,-1.0,100.0,0,-1.0,100.0,1,-1.0,100.0,0,-1.0,100.0,0,-1.0,100.0,1,-1.0,100.0,0,-1.0,100.0,0,-1.0,100.0,0,-1.0,100.0,1,-1.0,100.0,0,-1.0,100.0,0,-1.0,100.0,0,-1.0,100.0,1,-1.0,100.0,0,-1.0,100.0,0,-1.0,100.0,0,-1.0,100.0,0,-1.0,100.0,0,-1.0,100.0
12013,1,-1.0,100.0,0,-1.0,100.0,0,-1.0,100.0,0,-1.0,100.0,0,-1.0,100.0,1,-1.0,100.0,0,-1.0,100.0,0,-1.0,100.0,1,-1.0,100.0,0,-1.0,100.0,0,-1.0,100.0,1,-1.0,100.0,0,-1.0,100.0,0,-1.0,100.0,0,-1.0,100.0,1,-1.0,100.0,0,-1.0,100.0,1,-1.0,100.0,0,-1.0,100.0,1,-1.0,100.0,1,-1.0,100.0,0,-1.0,100.0,0,-1.0,100.0,0,-1.0,100.0,0,-1.0,100.0
13000,1,-1.0,100.0,0,-1.0,100.0,0,-1.0,100.0,0,-1.0,100.0,0,-1.0,100.0,1,-1.0,100.0,0,-1.0,100.0,0,-1.0,100.0,1,-1.0,100.0,0,-1.0,100.0,1,-1.0,100.0,1,-1.0,100.0,0,-1.0,100.0,0,-1.0,100.0,0,-1.0,100.0,0,-1.0,100.0,0,-1.0,100.0,1,-1.0,100.0,0,-1.0,100.0,1,-1.0,100.0,0,-1.0,100.0,0,-1.0,100.0,0,-1.0,100.0,0,-1.0,100.0,0,-1.0,100.0
15000,1,-1.0,100.0,0,-1.0,100.0,0,-1.0,100.0,0,-1.0,100.0,0,-1.0,100.0,1,-1.0,100.0,0,-1.0,100.0,0,-1.0,100.0,1,-1.0,100.0,0,-1.0,100.0,0,-1.0,100.0,1,-1.0,100.0,0,-1.0,100.0,0,-1.0,100.0,0,-1.0,100.0,1,-1.0,100.0,0,-1.0,100.0,1,-1.0,100.0,0,-1.0,100.0,1,-1.0,100.0,1,-1.0,100.0,0,-1.0,100.0,0,-1.0,100.0,0,-1.0,100.0,0,-1.0,100.0
20000,0,-1.0,100.0,0,-1.0,100.0,0,-1.0,100.0,0,-1.0,100.0,0,-1.0,100.0,0,-1.0,100.0,0,-1.0,100.0,0,-1.0,100.0,0,-1.0,100.0,0,-1.0,100.0,1,-1.0,100.0,1,-1.0,100.0,1,-1.0,100.0,1,-1.0,100.0,1,-1.0,100.0,0,-1.0,100.0,0,-1.0,100.0,0,-1.0,100.0,0,-1.0,100.0,0,-1.0,100.0,0,-1.0,100.0,0,-1.0,100.0,0,-1.0,100.0,0,-1.0,100.0,0,-1.0,100.0
20010,0,-1.0,100.0,0,-1.0,100.0,0,-1.0,100.0,0,-1.0,100.0,0,-1.0,100.0,0,-1.0,100.0,0,-1.0,100.0,0,-1.0,100.0,0,-1.0,100.0,0,-1.0,100.0,1,-1.0,100.0,1,-1.0,100.0,1,-1.0,100.0,1,-1.0,100.0,1,-1.0,100.0,1,-1.0,100.0,1,-1.0,100.0,1,-1.0,100.0,1,-1.0,100.0,1,-1.0,100.0,0,-1.0,100.0,0,-1.0,100.0,0,-1.0,100.0,0,-1.0,100.0,0,-1.0,100.0
20020,0,-1.0,100.0,0,-1.0,100.0,0,-1.0,100.0,0,-1.0,100.0,0,-1.0,100.0,0,-1.0,100.0,0,-1.0,100.0,0,-1.0,100.0,0,-1.0,100.0,0,-1.0,100.0,0,-1.0,100.0,0,-1.0,100.0,0,-1.0,100.0,0,-1.0,100.0,0,-1.0,100.0,1,-1.0,100.0,1,-1.0,100.0,1,-1.0,100.0,1,-1.0,100.0,1,-1.0,100.0,0,-1.0,100.0,0,-1.0,100.0,0,-1.0,100.0,0,-1.0,100.0,0,-1.0,100.0
20030,0,-1.0,100.0,0,-1.0,100.0,0,-1.0,100.0,0,-1.0,100.0,0,-1.0,100.0,0,-1.0,100.0,0,-1.0,100.0,0,-1.0,100.0,0,-1.0,100.0,0,-1.0,100.0,1,-1.0,100.0,1,-1.0,100.0,1,-1.0,100.0,1,-1.0,100.0,1,-1.0,100.0,0,-1.0,100.0,0,-1.0,100.0,0,-1.0,100.0,0,-1.0,100.0,0,-1.0,100.0,1,-1.0,100.0,1,-1.0,100.0,1,-1.0,100.0,1,-1.0,100.0,1,-1.0,100.0
30000,0,-1.0,100.0,0,-1.0,100.0,0,-1.0,100.0,0,-1.0,100.0,0,-1.0,100.0,0,-1.0,100.0,0,-1.0,100.0,0,-1.0,100.0,0,-1.0,100.0,0,-1.0,100.0,0,-1.0,100.0,0,-1.0,100.0,0,-1.0,100.0,0,-1.0,100.0,0,-1.0,100.0,1,-1.0,100.0,1,-1.0,100.0,1,-1.0,100.0,1,-1.0,100.0,1,-1.0,100.0,0,-1.0,100.0,0,-1.0,100.0,0,-1.0,100.0,0,-1.0,100.0,0,-1.0,100.0
30010,0,-1.0,100.0,0,-1.0,100.0,0,-1.0,100.0,0,-1.0,100.0,0,-1.0,100.0,0,-1.0,100.0,0,-1.0,100.0,0,-1.0,100.0,0,-1.0,100.0,0,-1.0,100.0,1,-1.0,100.0,1,-1.0,100.0,1,-1.0,100.0,1,-1.0,100.0,1,-1.0,100.0,1,-1.0,100.0,1,-1.0,100.0,1,-1.0,100.0,1,-1.0,100.0,1,-1.0,100.0,0,-1.0,100.0,0,-1.0,100.0,0,-1.0,100.0,0,-1.0,100.0,0,-1.0,100.0
30020,1,-1.0,100.0,1,-1.0,100.0,1,-1.0,100.0,1,-1.0,100.0,1,-1.0,100.0,0,-1.0,100.0,0,-1.0,100.0,0,-1.0,100.0,0,-1.0,100.0,0,-1.0,100.0,0,-1.0,100.0,0,-1.0,100.0,0,-1.0,100.0,0,-1.0,100.0,0,-1.0,100.0,1,-1.0,100.0,1,-1.0,100.0,1,-1.0,100.0,1,-1.0,100.0,1,-1.0,100.0,0,-1.0,100.0,0,-1.0,100.0,0,-1.0,100.0,0,-1.0,100.0,0,-1.0,100.0
30030,0,-1.0,100.0,0,-1.0,100.0,0,-1.0,100.0,0,-1.0,100.0,0,-1.0,100.0,0,-1.0,100.0,0,-1.0,100.0,0,-1.0,100.0,0,-1.0,100.0,0,-1.0,100.0,0,-1.0,100.0,0,-1.0,100.0,0,-1.0,100.0,0,-1.0,100.0,0,-1.0,100.0,1,-1.0,100.0,1,-1.0,100.0,1,-1.0,100.0,1,-1.0,100.0,1,-1.0,100.0,1,-1.0,100.0,1,-1.0,100.0,1,-1.0,100.0,1,-1.0,100.0,1,-1.0,100.0
30040,1,-1.0,100.0,1,-1.0,100.0,1,-1.0,100.0,1,-1.0,100.0,1,-1.0,100.0,1,-1.0,100.0,1,-1.0,100.0,1,-1.0,100.0,1,-1.0,100.0,1,-1.0,100.0,1,-1.0,100.0,1,-1.0,100.0,1,-1.0,100.0,1,-1.0,100.0,1,-1.0,100.0,1,-1.0,100.0,1,-1.0,100.0,1,-1.0,100.0,1,-1.0,100.0,1,-1.0,100.0,0,-1.0,100.0,0,-1.0,100.0,0,-1.0,100.0,0,-1.0,100.0,0,-1.0,100.0
40000,0,-1.0,100.0,0,-1.0,100.0,1,-1.0,50.0,0,-1.0,100.0,0,-1.0,100.0,0,-1.0,100.0,0,-1.0,100.0,1,-1.0,50.0,0,-1.0,100.0,0,-1.0,100.0,0,-1.0,100.0,0,-1.0,100.0,1,-1.0,50.0,0,-1.0,100.0,0,-1.0,100.0,0,-1.0,100.0,0,-1.0,100.0,1,-1.0,100.0,0,-1.0,100.0,0,-1.0,100.0,0,-1.0,100.0,0,-1.0,100.0,0,-1.0,100.0,0,-1.0,100.0,0,-1.0,100.0
42060,0,-1.0,100.0,0,-1.0,100.0,0,-1.0,100.0,0,-1.0,100.0,0,-1.0,100.0,0,-1.0,100.0,0,-1.0,100.0,0,-1.0,100.0,0,-1.0,100.0,0,-1.0,100.0,0,-1.0,100.0,0,-1.0,100.0,0,-1.0,100.0,0,-1.0,100.0,0,-1.0,100.0,1,-1.0,100.0,0,-1.0,100.0,0,-1.0,100.0,0,-1.0,100.0,0,-1.0,100.0,0,-1.0,100.0,0,-1.0,100.0,0,-1.0,100.0,0,-1.0,100.0,0,-1.0,100.0
42070,0,-1.0,100.0,0,-1.0,100.0,0,-1.0,100.0,0,-1.0,100.0,0,-1.0,100.0,0,-1.0,100.0,0,-1.0,100.0,0,-1.0,100.0,0,-1.0,100.0,0,-1.0,100.0,0,-1.0,100.0,0,-1.0,100.0,0,-1.0,100.0,0,-1.0,100.0,0,-1.0,100.0,1,-1.0,100.0,0,-1.0,100.0,0,-1.0,100.0,0,-1.0,100.0,0,-1.0,100.0,0,-1.0,100.0,0,-1.0,100.0,0,-1.0,100.0,0,-1.0,100.0,0,-1.0,100.0
42080,0,-1.0,100.0,0,-1.0,100.0,0,-1.0,100.0,0,-1.0,100.0,0,-1.0,100.0,0,-1.0,100.0,0,-1.0,100.0,0,-1.0,100.0,0,-1.0,100.0,0,-1.0,100.0,0,-1.0,100.0,0,-1.0,100.0,0,-1.0,100.0,0,-1.0,100.0,0,-1.0,100.0,1,-1.0,100.0,0,-1.0,100.0,0,-1.0,100.0,0,-1.0,100.0,0,-1.0,100.0,0,-1.0,100.0,0,-1.0,100.0,0,-1.0,100.0,0,-1.0,100.0,0,-1.0,100.0
42300,1,-1.0,100.0,1,-1.0,100.0,1,-1.0,100.0,1,-1.0,100.0,1,-1.0,100.0,1,-1.0,100.0,1,-1.0,100.0,1,-1.0,100.0,1,-1.0,100.0,1,-1.0,100.0,1,-1.0,100.0,1,-1.0,100.0,1,-1.0,100.0,1,-1.0,100.0,1,-1.0,100.0,1,-1.0,100.0,1,-1.0,100.0,1,-1.0,100.0,1,-1.0,100.0,1,-1.0,100.0,1,-1.0,100.0,1,-1.0,100.0,1,-1.0,100.0,1,-1.0,100.0,1,-1.0,100.0
42310,1,-1.0,100.0,1,-1.0,100.0,1,-1.0,100.0,1,-1.0,100.0,1,-1.0,100.0,1,-1.0,100.0,1,-1.0,100.0,1,-1.0,100.0,1,-1.0,100.0,1,-1.0,100.0,1,-1.0,100.0,1,-1.0,100.0,1,-1.0,100.0,1,-1.0,100.0,1,-1.0,100.0,1,-1.0,105.0,1,-1.0,105.0,1,-1.0,105.0,1,-1.0,105.0,1,-1.0,105.0,1,-1.0,100.0,1,-1.0,100.0,1,-1.0,100.0,1,-1.0,100.0,1,-1.0,100.0
42311,1,-1.0,100.0,1,-1.0,100.0,1,-1.0,100.0,1,-1.0,100.0,1,-1.0,100.0,1,-1.0,100.0,1,-1.0,100.0,1,-1.0,100.0,1,-1.0,100.0,1,-1.0,100.0,1,-1.0,100.0,1,-1.0,100.0,1,-1.0,100.0,1,-1.0,100.0,1,-1.0,100.0,1,-1.0,110.0,1,-1.0,110.0,1,-1.0,110.0,1,-1.0,110.0,1,-1.0,110.0,1,-1.0,100.0,1,-1.0,100.0,1,-1.0,100.0,1,-1.0,100.0,1,-1.0,100.0
50000,0,-1.0,100.0,0,-1.0,100.0,0,-1.0,100.0,0,-1.0,100.0,0,-1.0,100.0,0,-1.0,100.0,0,-1.0,100.0,0,-1.0,100.0,0,-1.0,100.0,0,-1.0,100.0,0,-1.0,100.0,0,-1.0,100.0,0,-1.0,100.0,0,-1.0,100.0,0,-1.0,100.0,0,-1.0,100.0,0,-1.0,100.0,0,-1.0,100.0,0,-1.0,100.0,0,-1.0,100.0,0,-1.0,100.0,0,-1.0,100.0,0,-1.0,100.0,0,-1.0,100.0,0,-1.0,100.0
50001,1,-1.0,10.0,0,-1.0,100.0,1,-1.0,10.0,0,-1.0,100.0,0,-1.0,100.0,1,-1.0,10.0,1,-1.0,10.0,0,-1.0,100.0,0,-1.0,100.0,0,-1.0,100.0,0,-1.0,100.0,1,-1.0,10.0,0,-1.0,100.0,0,-1.0,100.0,0,-1.0,100.0,0,-1.0,100.0,0,-1.0,100.0,1,-1.0,10.0,1,-1.0,10.0,1,-1.0,10.0,0,-1.0,100.0,0,-1.0,100.0,0,-1.0,100.0,0,-1.0,100.0,0,-1.0,100.0
50002,1,-1.0,20.0,0,-1.0,100.0,1,-1.0,20.0,0,-1.0,100.0,0,-1.0,100.0,1,-1.0,20.0,1,-1.0,20.0,0,-1.0,100.0,0,-1.0,100.0,0,-1.0,100.0,0,-1.0,100.0,1,-1.0,20.0,0,-1.0,100.0,0,-1.0,100.0,0,-1.0,100.0,0,-1.0,100.0,0,-1.0,100.0,1,-1.0,20.0,1,-1.0,20.0,1,-1.0,20.0,0,-1.0,100.0,0,-1.0,100.0,0,-1.0,100.0,0,-1.0,100.0,0,-1.0,100.0
50003,1,-1.0,30.0,0,-1.0,100.0,1,-1.0,30.0,0,-1.0,100.0,0,-1.0,100.0,1,-1.0,30.0,1,-1.0,30.0,0,-1.0,100.0,0,-1.0,100.0,0,-1.0,100.0,0,-1.0,100.0,1,-1.0,30.0,0,-1.0,100.0,0,-1.0,100.0,0,-1.0,100.0,0,-1.0,100.0,0,-1.0,100.0,1,-1.0,30.0,1,-1.0,30.0,1,-1.0,30.0,0,-1.0,100.0,0,-1.0,100.0,0,-1.0,100.0,0,-1.0,100.0,0,-1.0,100.0
50004,1,-1.0,40.0,0,-1.0,100.0,1,-1.0,40.0,0,-1.0,100.0,0,-1.0,100.0,1,-1.0,40.0,1,-1.0,40.0,0,-1.0,100.0,0,-1.0,100.0,0,-1.0,100.0,0,-1.0,100.0,1,-1.0,40.0,0,-1.0,100.0,0,-1.0,100.0,0,-1.0,100.0,0,-1.0,100.0,0,-1.0,100.0,1,-1.0,40.0,1,-1.0,40.0,1,-1.0,40.0,0,-1.0,100.0,0,-1.0,100.0,0,-1.0,100.0,0,-1.0,100.0,0,-1.0,100.0
50005,1,-1.0,50.0,0,-1.0,100.0,1,-1.0,50.0,0,-1.0,100.0,0,-1.0,100.0,1,-1.0,50.0,1,-1.0,50.0,0,-1.0,100.0,0,-1.0,100.0,0,-1.0,100.0,0,-1.0,100.0,1,-1.0,50.0,0,-1.0,100.0,0,-1.0,100.0,0,-1.0,100.0,0,-1.0,100.0,0,-1.0,100.0,1,-1.0,50.0,1,-1.0,50.0,1,-1.0,50.0,0,-1.0,100.0,0,-1.0,100.0,0,-1.0,100.0,0,-1.0,100.0,0,-1.0,100.0
50006,1,-1.0,60.0,0,-1.0,100.0,1,-1.0,60.0,0,-1.0,100.0,0,-1.0,100.0,1,-1.0,60.0,1,-1.0,60.0,0,-1.0,100.0,0,-1.0,100.0,0,-1.0,100.0,0,-1.0,100.0,1,-1.0,60.0,0,-1.0,100.0,0,-1.0,100.0,0,-1.0,100.0,0,-1.0,100.0,0,-1.0,100.0,1,-1.0,60.0,1,-1.0,60.0,1,-1.0,60.0,0,-1.0,100.0,0,-1.0,100.0,0,-1.0,100.0,0,-1.0,100.0,0,-1.0,100.0
50007,1,-1.0,70.0,0,-1.0,100.0,1,-1.0,70.0,0,-1.0,100.0,0,-1.0,100.0,1,-1.0,70.0,1,-1.0,70.0,0,-1.0,100.0,0,-1.0,100.0,0,-1.0,100.0,0,-1.0,100.0,1,-1.0,70.0,0,-1.0,100.0,0,-1.0,100.0,0,-1.0,100.0,0,-1.0,100.0,0,-1.0,100.0,1,-1.0,70.0,1,-1.0,70.0,1,-1.0,70.0,0,-1.0,100.0,0,-1.0,100.0,0,-1.0,100.0,0,-1.0,100.0,0,-1.0,100.0
50008,1,-1.0,80.0,0,-1.0,100.0,1,-1.0,80.0,0,-1.0,100.0,0,-1.0,100.0,1,-1.0,80.0,1,-1.0,80.0,0,-1.0,100.0,0,-1.0,100.0,0,-1.0,100.0,0,-1.0,100.0,1,-1.0,80.0,0,-1.0,100.0,0,-1.0,100.0,0,-1.0,100.0,0,-1.0,100.0,0,-1.0,100.0,1,-1.0,80.0,1,-1.0,80.0,1,-1.0,80.0,0,-1.0,100.0,0,-1.0,100.0,0,-1.0,100.0,0,-1.0,100.0,0,-1.0,100.0
50009,1,-1.0,90.0,0,-1.0,100.0,1,-1.0,90.0,0,-1.0,100.0,0,-1.0,100.0,1,-1.0,90.0,1,-1.0,90.0,0,-1.0,100.0,0,-1.0,100.0,0,-1.0,100.0,0,-1.0,100.0,1,-1.0,90.0,0,-1.0,100.0,0,-1.0,100.0,0,-1.0,100.0,0,-1.0,100.0,0,-1.0,100.0,1,-1.0,90.0,1,-1.0,90.0,1,-1.0,90.0,0,-1.0,100.0,0,-1.0,100.0,0,-1.0,100.0,0,-1.0,100.0,0,-1.0,100.0
50010,1,-1.0,100.0,0,-1.0,100.0,1,-1.0,100.0,0,-1.0,100.0,0,-1.0,100.0,1,-1.0,100.0,1,-1.0,100.0,0,-1.0,100.0,0,-1.0,100.0,0,-1.0,100.0,0,-1.0,100.0,1,-1.0,100.0,0,-1.0,100.0,0,-1.0,100.0,0,-1.0,100.0,0,-1.0,100.0,0,-1.0,100.0,1,-1.0,100.0,1,-1.0,100.0,1,-1.0,100.0,0,-1.0,100.0,0,-1.0,100.0,0,-1.0,100.0,0,-1.0,100.0,0,-1.0,100.0
50101,1,10.0,100.0,0,-1.0,100.0,1,10.0,100.0,0,-1.0,100.0,0,-1.0,100.0,1,10.0,100.0,1,10.0,100.0,0,-1.0,100.0,0,-1.0,100.0,0,-1.0,100.0,0,-1.0,100.0,1,10.0,100.0,0,-1.0,100.0,0,-1.0,100.0,0,-1.0,100.0,0,-1.0,100.0,0,-1.0,100.0,1,10.0,100.0,1,10.0,100.0,1,10.0,100.0,0,-1.0,100.0,0,-1.0,100.0,0,-1.0,100.0,0,-1.0,100.0,0,-1.0,100.0
50102,1,20.0,100.0,0,-1.0,100.0,1,20.0,100.0,0,-1.0,100.0,0,-1.0,100.0,1,20.0,100.0,1,20.0,100.0,0,-1.0,100.0,0,-1.0,100.0,0,-1.0,100.0,0,-1.0,100.0,1,20.0,100.0,0,-1.0,100.0,0,-1.0,100.0,0,-1.0,100.0,0,-1.0,100.0,0,-1.0,100.0,1,20.0,100.0,1,20.0,100.0,1,20.0,100.0,0,-1.0,100.0,0,-1.0,100.0,0,-1.0,100.0,0,-1.0,100.0,0,-1.0,100.0
50103,1,30.0,100.0,0,-1.0,100.0,1,30.0,100.0,0,-1.0,100.0,0,-1.0,100.0,1,30.0,100.0,1,30.0,100.0,0,-1.0,100.0,0,-1.0,100.0,0,-1.0,100.0,0,-1.0,100.0,1,30.0,100.0,0,-1.0,100.0,0,-1.0,100.0,0,-1.0,100.0,0,-1.0,100.0,0,-1.0,100.0,1,30.0,100.0,1,30.0,100.0,1,30.0,100.0,0,-1.0,100.0,0,-1.0,100.0,0,-1.0,100.0,0,-1.0,100.0,0,-1.0,100.0
50104,1,40.0,100.0,0,-1.0,100.0,1,40.0,100.0,0,-1.0,100.0,0,-1.0,100.0,1,40.0,100.0,1,40.0,100.0,0,-1.0,100.0,0,-1.0,100.0,0,-1.0,100.0,0,-1.0,100.0,1,40.0,100.0,0,-1.0,100.0,0,-1.0,100.0,0,-1.0,100.0,0,-1.0,100.0,0,-1.0,100.0,1,40.0,100.0,1,40.0,100.0,1,40.0,100.0,0,-1.0,100.0,0,-1.0,100.0,0,-1.0,100.0,0,-1.0,100.0,0,-1.0,100.0
50105,1,50.0,100.0,0,-1.0,100.0,1,50.0,100.0,0,-1.0,100.0,0,-1.0,100.0,1,50.0,100.0,1,50.0,100.0,0,-1.0,100.0,0,-1.0,100.0,0,-1.0,100.0,0,-1.0,100.0,1,50.0,100.0,0,-1.0,100.0,0,-1.0,100.0,0,-1.0,100.0,0,-1.0,100.0,0,-1.0,100.0,1,50.0,100.0,1,50.0,100.0,1,50.0,100.0,0,-1.0,100.0,0,-1.0,100.0,0,-1.0,100.0,0,-1.0,100.0,0,-1.0,100.0
50106,1,60.0,100.0,0,-1.0,100.0,1,60.0,100.0,0,-1.0,100.0,0,-1.0,100.0,1,60.0,100.0,1,60.0,100.0,0,-1.0,100.0,0,-1.0,100.0,0,-1.0,100.0,0,-1.0,100.0,1,60.0,100.0,0,-1.0,100.0,0,-1.0,100.0,0,-1.0,100.0,0,-1.0,100.0,0,-1.0,100.0,1,60.0,100.0,1,60.0,100.0,1,60.0,100.0,0,-1.0,100.0,0,-1.0,100.0,0,-1.0,100.0,0,-1.0,100.0,0,-1.0,100.0
50107,1,70.0,100.0,0,-1.0,100.0,1,70.0,100.0,0,-1.0,100.0,0,-1.0,100.0,1,70.0,100.0,1,70.0,100.0,0,-1.0,100.0,0,-1.0,100.0,0,-1.0,100.0,0,-1.0,100.0,1,70.0,100.0,0,-1.0,100.0,0,-1.0,100.0,0,-1.0,100.0,0,-1.0,100.0,0,-1.0,100.0,1,70.0,100.0,1,70.0,100.0,1,70.0,100.0,0,-1.0,100.0,0,-1.0,100.0,0,-1.0,100.0,0,-1.0,100.0,0,-1.0,100.0
50108,1,80.0,100.0,0,-1.0,100.0,1,80.0,100.0,0,-1.0,100.0,0,-1.0,100.0,1,80.0,100.0,1,80.0,100.0,0,-1.0,100.0,0,-1.0,100.0,0,-1.0,100.0,0,-1.0,100.0,1,80.0,100.0,0,-1.0,100.0,0,-1.0,100.0,0,-1.0,100.0,0,-1.0,100.0,0,-1.0,100.0,1,80.0,100.0,1,80.0,100.0,1,80.0,100.0,0,-1.0,100.0,0,-1.0,100.0,0,-1.0,100.0,0,-1.0,100.0,0,-1.0,100.0
50109,1,90.0,100.0,0,-1.0,100.0,1,90.0,100.0,0,-1.0,100.0,0,-1.0,100.0,1,90.0,100.0,1,90.0,100.0,0,-1.0,100.0,0,-1.0,100.0,0,-1.0,100.0,0,-1.0,100.0,1,90.0,100.0,0,-1.0,100.0,0,-1.0,100.0,0,-1.0,100.0,0,-1.0,100.0,0,-1.0,100.0,1,90.0,100.0,1,90.0,100.0,1,90.0,100.0,0,-1.0,100.0,0,-1.0,100.0,0,-1.0,100.0,0,-1.0,100.0,0,-1.0,100.0
50110,1,100.0,100.0,0,-1.0,100.0,1,100.0,100.0,0,-1.0,100.0,0,-1.0,100.0,1,100.0,100.0,1,100.0,100.0,0,-1.0,100.0,0,-1.0,100.0,0,-1.0,100.0,0,-1.0,100.0,1,100.0,100.0,0,-1.0,100.0,0,-1.0,100.0,0,-1.0,100.0,0,-1.0,100.0,0,-1.0,100.0,1,100.0,100.0,1,100.0,100.0,1,100.0,100.0,0,-1.0,100.0,0,-1.0,100.0,0,-1.0,100.0,0,-1.0,100.0,0,-1.0,100.0
51000,1,15.0,100.0,1,15.0,100.0,1,15.0,100.0,1,15.0,100.0,1,15.0,100.0,1,15.0,100.0,1,15.0,100.0,1,15.0,100.0,1,15.0,100.0,1,15.0,100.0,0,-1.0,100.0,0,-1.0,100.0,0,-1.0,100.0,0,-1.0,100.0,0,-1.0,100.0,0,-1.0,100.0,0,-1.0,100.0,0,-1.0,100.0,0,-1.0,100.0,0,-1.0,100.0,0,-1.0,100.0,0,-1.0,100.0,0,-1.0,100.0,0,-1.0,100.0,0,-1.0,100.0
51010,1,25.0,100.0,1,25.0,100.0,1,25.0,100.0,1,25.0,100.0,1,25.0,100.0,0,-1.0,100.0,0,-1.0,100.0,0,-1.0,100.0,0,-1.0,100.0,0,-1.0,100.0,0,-1.0,100.0,0,-1.0,100.0,0,-1.0,100.0,0,-1.0,100.0,0,-1.0,100.0,0,-1.0,100.0,0,-1.0,100.0,0,-1.0,100.0,0,-1.0,100.0,0,-1.0,100.0,0,-1.0,100.0,0,-1.0,100.0,0,-1.0,100.0,0,-1.0,100.0,0,-1.0,100.0
51020,0,-1.0,100.0,0,-1.0,100.0,0,-1.0,100.0,0,-1.0,100.0,0,-1.0,100.0,1,25.0,100.0,1,25.0,100.0,1,25.0,100.0,1,25.0,100.0,1,25.0,100.0,0,-1.0,100.0,0,-1.0,100.0,0,-1.0,100.0,0,-1.0,100.0,0,-1.0,100.0,0,-1.0,100.0,0,-1.0,100.0,0,-1.0,100.0,0,-1.0,100.0,0,-1.0,100.0,0,-1.0,100.0,0,-1.0,100.0,0,-1.0,100.0,0,-1.0,100.0,0,-1.0,100.0
51030,1,15.0,100.0,1,15.0,100.0,1,15.0,100.0,1,15.0,100.0,1,15.0,100.0,1,15.0,100.0,1,15.0,100.0,1,15.0,100.0,1,15.0,100.0,1,15.0,100.0,0,-1.0,100.0,0,-1.0,100.0,0,-1.0,100.0,0,-1.0,100.0,0,-1.0,100.0,0,-1.0,100.0,0,-1.0,100.0,0,-1.0,100.0,0,-1.0,100.0,0,-1.0,100.0,0,-1.0,100.0,0,-1.0,100.0,0,-1.0,100.0,0,-1.0,100.0,0,-1.0,100.0
51040,1,25.0,100.0,1,25.0,100.0,1,25.0,100.0,1,25.0,100.0,1,25.0,100.0,0,-1.0,100.0,0,-1.0,100.0,0,-1.0,100.0,0,-1.0,100.0,0,-1.0,100.0,0,-1.0,100.0,0,-1.0,100.0,0,-1.0,100.0,0,-1.0,100.0,0,-1.0,100.0,0,-1.0,100.0,0,-1.0,100.0,0,-1.0,100.0,0,-1.0,100.0,0,-1.0,100.0,0,-1.0,100.0,0,-1.0,100.0,0,-1.0,100.0,0,-1.0,100.0,0,-1.0,100.0
51050,0,-1.0,100.0,0,-1.0,100.0,0,-1.0,100.0,0,-1.0,100.0,0,-1.0,100.0,0,-1.0,100.0,0,-1.0,100.0,0,-1.0,100.0,0,-1.0,100.0,0,-1.0,100.0,0,-1.0,100.0,0,-1.0,100.0,0,-1.0,100.0,0,-1.0,100.0,0,-1.0,100.0,1,25.0,100.0,1,25.0,100.0,1,25.0,100.0,1,25.0,100.0,1,25.0,100.0,0,-1.0,100.0,0,-1.0,100.0,0,-1.0,100.0,0,-1.0,100.0,0,-1.0,100.0
51060,0,-1.0,100.0,0,-1.0,100.0,0,-1.0,100.0,0,-1.0,100.0,0,-1.0,100.0,1,25.0,100.0,1,25.0,100.0,1,25.0,100.0,1,25.0,100.0,1,25.0,100.0,0,-1.0,100.0,0,-1.0,100.0,0,-1.0,100.0,0,-1.0,100.0,0,-1.0,100.0,0,-1.0,100.0,0,-1.0,100.0,0,-1.0,100.0,0,-1.0,100.0,0,-1.0,100.0,0,-1.0,100.0,0,-1.0,100.0,0,-1.0,100.0,0,-1.0,100.0,0,-1.0,100.0
51070,0,-1.0,100.0,0,-1.0,100.0,0,-1.0,100.0,0,-1.0,100.0,0,-1.0,100.0,0,-1.0,100.0,0,-1.0,100.0,0,-1.0,100.0,0,-1.0,100.0,0,-1.0,100.0,0,-1.0,100.0,0,-1.0,100.0,0,-1.0,100.0,0,-1.0,100.0,0,-1.0,100.0,1,25.0,100.0,1,25.0,100.0,1,25.0,100.0,1,25.0,100.0,1,25.0,100.0,0,-1.0,100.0,0,-1.0,100.0,0,-1.0,100.0,0,-1.0,100.0,0,-1.0,100.0
51080,0,-1.0,100.0,0,-1.0,100.0,0,-1.0,100.0,0,-1.0,100.0,0,-1.0,100.0,0,-1.0,100.0,0,-1.0,100.0,0,-1.0,100.0,0,-1.0,100.0,0,-1.0,100.0,1,25.0,100.0,1,25.0,100.0,1,25.0,100.0,1,25.0,100.0,1,25.0,100.0,0,-1.0,100.0,0,-1.0,100.0,0,-1.0,100.0,0,-1.0,100.0,0,-1.0,100.0,0,-1.0,100.0,0,-1.0,100.0,0,-1.0,100.0,0,-1.0,100.0,0,-1.0,100.0
51090,0,-1.0,100.0,0,-1.0,100.0,0,-1.0,100.0,0,-1.0,100.0,0,-1.0,100.0,0,-1.0,100.0,0,-1.0,100.0,0,-1.0,100.0,0,-1.0,100.0,0,-1.0,100.0,0,-1.0,100.0,0,-1.0,100.0,0,-1.0,100.0,0,-1.0,100.0,0,-1.0,100.0,0,-1.0,100.0,0,-1.0,100.0,0,-1.0,100.0,0,-1.0,100.0,0,-1.0,100.0,1,25.0,100.0,1,25.0,100.0,1,25.0,100.0,1,25.0,100.0,1,25.0,100.0
51100,0,-1.0,100.0,0,-1.0,100.0,0,-1.0,100.0,0,-1.0,100.0,0,-1.0,100.0,1,15.0,100.0,1,15.0,100.0,1,15.0,100.0,1,15.0,100.0,1,15.0,100.0,1,15.0,100.0,1,15.0,100.0,1,15.0,100.0,1,15.0,100.0,1,15.0,100.0,0,-1.0,100.0,0,-1.0,100.0,0,-1.0,100.0,0,-1.0,100.0,0,-1.0,100.0,0,-1.0,100.0,0,-1.0,100.0,0,-1.0,100.0,0,-1.0,100.0,0,-1.0,100.0
51110,0,-1.0,100.0,0,-1.0,100.0,0,-1.0,100.0,0,-1.0,100.0,0,-1.0,100.0,0,-1.0,100.0,0,-1.0,100.0,0,-1.0,100.0,0,-1.0,100.0,0,-1.0,100.0,0,-1.0,100.0,0,-1.0,100.0,0,-1.0,100.0,0,-1.0,100.0,0,-1.0,100.0,0,-1.0,100.0,0,-1.0,100.0,0,-1.0,100.0,0,-1.0,100.0,0,-1.0,100.0,1,25.0,100.0,1,25.0,100.0,1,25.0,100.0,1,25.0,100.0,1,25.0,100.0
51120,0,-1.0,100.0,0,-1.0,100.0,0,-1.0,100.0,0,-1.0,100.0,0,-1.0,100.0,0,-1.0,100.0,0,-1.0,100.0,0,-1.0,100.0,0,-1.0,100.0,0,-1.0,100.0,0,-1.0,100.0,0,-1.0,100.0,0,-1.0,100.0,0,-1.0,100.0,0,-1.0,100.0,0,-1.0,100.0,0,-1.0,100.0,0,-1.0,100.0,0,-1.0,100.0,0,-1.0,100.0,1,25.0,100.0,1,25.0,100.0,1,25.0,100.0,1,25.0,100.0,1,25.0,100.0
52000,1,-1.0,70.0,0,-1.0,100.0,1,-1.0,70.0,0,-1.0,100.0,0,-1.0,100.0,1,-1.0,70.0,0,-1.0,100.0,0,-1.0,100.0,0,-1.0,100.0,0,-1.0,100.0,0,-1.0,100.0,0,-1.0,100.0,0,-1.0,100.0,0,-1.0,100.0,0,-1.0,100.0,0,-1.0,100.0,0,-1.0,100.0,1,-1.0,70.0,1,-1.0,70.0,1,-1.0,70.0,0,-1.0,100.0,1,50.0,100.0,0,-1.0,100.0,0,-1.0,100.0,0,-1.0,100.0
200300,0,-1.0,100.0,0,-1.0,100.0,1,-1.0,100.0,0,-1.0,100.0,0,-1.0,100.0,0,-1.0,100.0,0,-1.0,100.0,1,-1.0,100.0,0,-1.0,100.0,0,-1.0,100.0,0,-1.0,100.0,0,-1.0,100.0,0,-1.0,100.0,0,-1.0,100.0,0,-1.0,100.0,0,-1.0,100.0,0,-1.0,100.0,0,-1.0,100.0,0,-1.0,100.0,0,-1.0,100.0,0,-1.0,100.0,0,-1.0,100.0,0,-1.0,100.0,0,-1.0,100.0,0,-1.0,100.0
200301,0,-1.0,100.0,0,-1.0,100.0,1,-1.0,100.0,0,-1.0,100.0,0,-1.0,100.0,0,-1.0,100.0,0,-1.0,100.0,1,-1.0,100.0,0,-1.0,100.0,0,-1.0,100.0,0,-1.0,100.0,0,-1.0,100.0,0,-1.0,100.0,0,-1.0,100.0,0,-1.0,100.0,0,-1.0,100.0,0,-1.0,100.0,0,-1.0,100.0,0,-1.0,100.0,0,-1.0,100.0,0,-1.0,100.0,0,-1.0,100.0,0,-1.0,100.0,0,-1.0,100.0,0,-1.0,100.0
200302,0,-1.0,100.0,0,-1.0,100.0,0,-1.0,100.0,0,-1.0,100.0,0,-1.0,100.0,0,-1.0,100.0,0,-1.0,100.0,0,-1.0,100.0,0,-1.0,100.0,0,-1.0,100.0,0,-1.0,100.0,0,-1.0,100.0,0,-1.0,100.0,0,-1.0,100.0,0,-1.0,100.0,0,-1.0,100.0,0,-1.0,100.0,1,-1.0,100.0,0,-1.0,100.0,0,-1.0,100.0,0,-1.0,100.0,0,-1.0,100.0,0,-1.0,100.0,0,-1.0,100.0,0,-1.0,100.0
200320,0,-1.0,100.0,0,-1.0,100.0,0,-1.0,100.0,1,-1.0,100.0,0,-1.0,100.0,0,-1.0,100.0,0,-1.0,100.0,0,-1.0,100.0,1,-1.0,100.0,0,-1.0,100.0,0,-1.0,100.0,0,-1.0,100.0,0,-1.0,100.0,0,-1.0,100.0,0,-1.0,100.0,0,-1.0,100.0,0,-1.0,100.0,0,-1.0,100.0,0,-1.0,100.0,0,-1.0,100.0,0,-1.0,100.0,0,-1.0,100.0,0,-1.0,100.0,0,-1.0,100.0,0,-1.0,100.0
200321,0,-1.0,100.0,0,-1.0,100.0,0,-1.0,100.0,1,-1.0,100.0,0,-1.0,100.0,0,-1.0,100.0,0,-1.0,100.0,0,-1.0,100.0,1,-1.0,100.0,0,-1.0,100.0,0,-1.0,100.0,0,-1.0,100.0,0,-1.0,100.0,0,-1.0,100.0,0,-1.0,100.0,0,-1.0,100.0,0,-1.0,100.0,0,-1.0,100.0,0,-1.0,100.0,0,-1.0,100.0,0,-1.0,100.0,0,-1.0,100.0,0,-1.0,100.0,0,-1.0,100.0,0,-1.0,100.0
200330,0,-1.0,100.0,0,-1.0,100.0,0,-1.0,100.0,0,-1.0,100.0,0,-1.0,100.0,0,-1.0,100.0,0,-1.0,100.0,0,-1.0,100.0,0,-1.0,100.0,0,-1.0,100.0,0,-1.0,100.0,0,-1.0,100.0,0,-1.0,100.0,0,-1.0,100.0,0,-1.0,100.0,0,-1.0,100.0,0,-1.0,100.0,0,-1.0,100.0,0,-1.0,100.0,0,-1.0,100.0,1,-1.0,100.0,0,-1.0,100.0,0,-1.0,100.0,0,-1.0,100.0,0,-1.0,100.0
200340,0,-1.0,100.0,0,-1.0,100.0,0,-1.0,100.0,0,-1.0,100.0,0,-1.0,100.0,0,-1.0,100.0,0,-1.0,100.0,0,-1.0,100.0,0,-1.0,100.0,0,-1.0,100.0,0,-1.0,100.0,0,-1.0,100.0,0,-1.0,100.0,0,-1.0,100.0,0,-1.0,100.0,0,-1.0,100.0,0,-1.0,100.0,0,-1.0,100.0,0,-1.0,100.0,0,-1.0,100.0,1,-1.0,100.0,0,-1.0,100.0,0,-1.0,100.0,0,-1.0,100.0,0,-1.0,100.0
200350,0,-1.0,100.0,0,-1.0,100.0,0,-1.0,100.0,0,-1.0,100.0,0,-1.0,100.0,0,-1.0,100.0,0,-1.0,100.0,0,-1.0,100.0,0,-1.0,100.0,0,-1.0,100.0,0,-1.0,100.0,0,-1.0,100.0,0,-1.0,100.0,0,-1.0,100.0,0,-1.0,100.0,0,-1.0,100.0,0,-1.0,100.0,0,-1.0,100.0,0,-1.0,100.0,1,-1.0,100.0,0,-1.0,100.0,0,-1.0,100.0,0,-1.0,100.0,0,-1.0,100.0,0,-1.0,100.0
200351,0,-1.0,100.0,0,-1.0,100.0,0,-1.0,100.0,0,-1.0,100.0,0,-1.0,100.0,0,-1.0,100.0,0,-1.0,100.0,0,-1.0,100.0,0,-1.0,100.0,0,-1.0,100.0,0,-1.0,100.0,0,-1.0,100.0,0,-1.0,100.0,0,-1.0,100.0,0,-1.0,100.0,0,-1.0,100.0,0,-1.0,100.0,0,-1.0,100.0,0,-1.0,100.0,1,-1.0,100.0,0,-1.0,100.0,0,-1.0,100.0,0,-1.0,100.0,0,-1.0,100.0,0,-1.0,100.0
200360,0,-1.0,100.0,0,-1.0,100.0,0,-1.0,100.0,0,-1.0,100.0,0,-1.0,100.0,0,-1.0,100.0,0,-1.0,100.0,0,-1.0,100.0,0,-1.0,100.0,0,-1.0,100.0,0,-1.0,100.0,0,-1.0,100.0,0,-1.0,100.0,0,-1.0,100.0,0,-1.0,100.0,0,-1.0,100.0,0,-1.0,100.0,0,-1.0,100.0,0,-1.0,100.0,0,-1.0,100.0,0,-1.0,100.0,1,-1.0,100.0,0,-1.0,100.0,0,-1.0,100.0,0,-1.0,100.0
200370,0,-1.0,100.0,0,-1.0,100.0,0,-1.0,100.0,0,-1.0,100.0,0,-1.0,100.0,0,-1.0,100.0,0,-1.0,100.0,0,-1.0,100.0,0,-1.0,100.0,0,-1.0,100.0,0,-1.0,100.0,0,-1.0,100.0,0,-1.0,100.0,0,-1.0,100.0,0,-1.0,100.0,0,-1.0,100.0,0,-1.0,100.0,0,-1.0,100.0,0,-1.0,100.0,0,-1.0,100.0,1,-1.0,100.0,0,-1.0,100.0,0,-1.0,100.0,0,-1.0,100.0,0,-1.0,100.0
200400,0,-1.0,100.0,0,-1.0,100.0,1,-1.0,100.0,0,-1.0,100.0,0,-1.0,100.0,0,-1.0,100.0,0,-1.0,100.0,1,-1.0,100.0,0,-1.0,100.0,0,-1.0,100.0,0,-1.0,100.0,0,-1.0,100.0,0,-1.0,100.0,0,-1.0,100.0,0,-1.0,100.0,0,-1.0,100.0,0,-1.0,100.0,0,-1.0,100.0,0,-1.0,100.0,0,-1.0,100.0,0,-1.0,100.0,0,-1.0,100.0,0,-1.0,100.0,0,-1.0,100.0,0,-1.0,100.0
200420,0,-1.0,100.0,0,-1.0,100.0,0,-1.0,100.0,1,-1.0,100.0,0,-1.0,100.0,0,-1.0,100.0,0,-1.0,100.0,0,-1.0,100.0,1,-1.0,100.0,0,-1.0,100.0,0,-1.0,100.0,0,-1.0,100.0,0,-1.0,100.0,0,-1.0,100.0,0,-1.0,100.0,0,-1.0,100.0,0,-1.0,100.0,0,-1.0,100.0,0,-1.0,100.0,0,-1.0,100.0,0,-1.0,100.0,0,-1.0,100.0,0,-1.0,100.0,0,-1.0,100.0,0,-1.0,100.0
200430,0,-1.0,100.0,0,-1.0,100.0,0,-1.0,100.0,0,-1.0,100.0,0,-1.0,100.0,0,-1.0,100.0,0,-1.0,100.0,0,-1.0,100.0,0,-1.0,100.0,0,-1.0,100.0,0,-1.0,100.0,0,-1.0,100.0,0,-1.0,100.0,0,-1.0,100.0,0,-1.0,100.0,0,-1.0,100.0,0,-1.0,100.0,0,-1.0,100.0,0,-1.0,100.0,0,-1.0,100.0,1,-1.0,100.0,0,-1.0,100.0,0,-1.0,100.0,0,-1.0,100.0,0,-1.0,100.0
200440,0,-1.0,100.0,0,-1.0,100.0,0,-1.0,100.0,0,-1.0,100.0,0,-1.0,100.0,0,-1.0,100.0,0,-1.0,100.0,0,-1.0,100.0,0,-1.0,100.0,0,-1.0,100.0,0,-1.0,100.0,0,-1.0,100.0,0,-1.0,100.0,0,-1.0,100.0,0,-1.0,100.0,0,-1.0,100.0,0,-1.0,100.0,0,-1.0,100.0,0,-1.0,100.0,0,-1.0,100.0,1,-1.0,100.0,0,-1.0,100.0,0,-1.0,100.0,0,-1.0,100.0,0,-1.0,100.0
200460,0,-1.0,100.0,0,-1.0,100.0,0,-1.0,100.0,0,-1.0,100.0,0,-1.0,100.0,0,-1.0,100.0,0,-1.0,100.0,0,-1.0,100.0,0,-1.0,100.0,0,-1.0,100.0,0,-1.0,100.0,1,-1.0,100.0,0,-1.0,100.0,0,-1.0,100.0,0,-1.0,100.0,0,-1.0,100.0,0,-1.0,100.0,0,-1.0,100.0,0,-1.0,100.0,0,-1.0,100.0,0,-1.0,100.0,0,-1.0,100.0,0,-1.0,100.0,0,-1.0,100.0,0,-1.0,100.0
200470,0,-1.0,100.0,0,-1.0,100.0,0,-1.0,100.0,0,-1.0,100.0,0,-1.0,100.0,0,-1.0,100.0,0,-1.0,100.0,0,-1.0,100.0,0,-1.0,100.0,0,-1.0,100.0,0,-1.0,100.0,0,-1.0,100.0,0,-1.0,100.0,0,-1.0,100.0,0,-1.0,100.0,0,-1.0,100.0,0,-1.0,100.0,0,-1.0,100.0,0,-1.0,100.0,0,-1.0,100.0,1,-1.0,100.0,0,-1.0,100.0,0,-1.0,100.0,0,-1.0,100.0,0,-1.0,100.0
200480,0,-1.0,100.0,0,-1.0,100.0,0,-1.0,100.0,0,-1.0,100.0,0,-1.0,100.0,0,-1.0,100.0,0,-1.0,100.0,0,-1.0,100.0,0,-1.0,100.0,0,-1.0,100.0,0,-1.0,100.0,0,-1.0,100.0,0,-1.0,100.0,0,-1.0,100.0,0,-1.0,100.0,0,-1.0,100.0,0,-1.0,100.0,0,-1.0,100.0,0,-1.0,100.0,0,-1.0,100.0,0,-1.0,100.0,1,-1.0,100.0,0,-1.0,100.0,0,-1.0,100.0,0,-1.0,100.0
200490,0,-1.0,100.0,0,-1.0,100.0,1,-1.0,100.0,0,-1.0,100.0,0,-1.0,100.0,0,-1.0,100.0,0,-1.0,100.0,1,-1.0,100.0,0,-1.0,100.0,0,-1.0,100.0,0,-1.0,100.0,0,-1.0,100.0,0,-1.0,100.0,0,-1.0,100.0,0,-1.0,100.0,0,-1.0,100.0,0,-1.0,100.0,0,-1.0,100.0,0,-1.0,100.0,0,-1.0,100.0,0,-1.0,100.0,0,-1.0,100.0,0,-1.0,100.0,0,-1.0,100.0,0,-1.0,100.0
200510,0,-1.0,100.0,0,-1.0,100.0,0,-1.0,100.0,0,-1.0,100.0,0,-1.0,100.0,0,-1.0,100.0,0,-1.0,100.0,0,-1.0,100.0,0,-1.0,100.0,0,-1.0,100.0,0,-1.0,100.0,0,-1.0,100.0,0,-1.0,100.0,0,-1.0,100.0,0,-1.0,100.0,0,-1.0,100.0,0,-1.0,100.0,0,-1.0,100.0,0,-1.0,100.0,1,-1.0,100.0,0,-1.0,100.0,0,-1.0,100.0,0,-1.0,100.0,0,-1.0,100.0,0,-1.0,100.0
200600,0,-1.0,100.0,0,-1.0,100.0,1,-1.0,100.0,0,-1.0,100.0,0,-1.0,100.0,0,-1.0,100.0,0,-1.0,100.0,1,-1.0,100.0,0,-1.0,100.0,0,-1.0,100.0,0,-1.0,100.0,0,-1.0,100.0,0,-1.0,100.0,0,-1.0,100.0,0,-1.0,100.0,0,-1.0,100.0,0,-1.0,100.0,0,-1.0,100.0,0,-1.0,100.0,0,-1.0,100.0,0,-1.0,100.0,0,-1.0,100.0,0,-1.0,100.0,0,-1.0,100.0,0,-1.0,100.0
200640,0,-1.0,100.0,0,-1.0,100.0,0,-1.0,100.0,0,-1.0,100.0,0,-1.0,100.0,0,-1.0,100.0,0,-1.0,100.0,0,-1.0,100.0,0,-1.0,100.0,0,-1.0,100.0,0,-1.0,100.0,0,-1.0,100.0,0,-1.0,100.0,0,-1.0,100.0,0,-1.0,100.0,0,-1.0,100.0,0,-1.0,100.0,0,-1.0,100.0,0,-1.0,100.0,0,-1.0,100.0,1,-1.0,100.0,0,-1.0,100.0,0,-1.0,100.0,0,-1.0,100.0,0,-1.0,100.0
200650,0,-1.0,100.0,0,-1.0,100.0,0,-1.0,100.0,0,-1.0,100.0,0,-1.0,100.0,0,-1.0,100.0,0,-1.0,100.0,0,-1.0,100.0,0,-1.0,100.0,0,-1.0,100.0,0,-1.0,100.0,1,-1.0,100.0,0,-1.0,100.0,0,-1.0,100.0,0,-1.0,100.0,0,-1.0,100.0,1,-1.0,100.0,0,-1.0,100.0,0,-1.0,100.0,0,-1.0,100.0,0,-1.0,100.0,0,-1.0,100.0,0,-1.0,100.0,0,-1.0,100.0,0,-1.0,100.0
200660,0,-1.0,100.0,0,-1.0,100.0,0,-1.0,100.0,0,-1.0,100.0,0,-1.0,100.0,0,-1.0,100.0,0,-1.0,100.0,0,-1.0,100.0,0,-1.0,100.0,0,-1.0,100.0,0,-1.0,100.0,1,-1.0,100.0,0,-1.0,100.0,0,-1.0,100.0,0,-1.0,100.0,0,-1.0,100.0,0,-1.0,100.0,0,-1.0,100.0,0,-1.0,100.0,0,-1.0,100.0,0,-1.0,100.0,0,-1.0,100.0,0,-1.0,100.0,0,-1.0,100.0,0,-1.0,100.0
200661,0,-1.0,100.0,0,-1.0,100.0,0,-1.0,100.0,0,-1.0,100.0,0,-1.0,100.0,0,-1.0,100.0,0,-1.0,100.0,0,-1.0,100.0,0,-1.0,100.0,0,-1.0,100.0,0,-1.0,100.0,1,-1.0,100.0,0,-1.0,100.0,0,-1.0,100.0,0,-1.0,100.0,0,-1.0,100.0,0,-1.0,100.0,0,-1.0,100.0,0,-1.0,100.0,0,-1.0,100.0,0,-1.0,100.0,0,-1.0,100.0,0,-1.0,100.0,0,-1.0,100.0,0,-1.0,100.0
200670,0,-1.0,100.0,0,-1.0,100.0,0,-1.0,100.0,0,-1.0,100.0,0,-1.0,100.0,0,-1.0,100.0,0,-1.0,100.0,0,-1.0,100.0,0,-1.0,100.0,0,-1.0,100.0,0,-1.0,100.0,0,-1.0,100.0,0,-1.0,100.0,0,-1.0,100.0,0,-1.0,100.0,0,-1.0,100.0,0,-1.0,100.0,0,-1.0,100.0,0,-1.0,100.0,0,-1.0,100.0,1,-1.0,100.0,0,-1.0,100.0,0,-1.0,100.0,0,-1.0,100.0,0,-1.0,100.0
201700,1,-1.0,100.0,0,-1.0,100.0,0,-1.0,100.0,0,-1.0,100.0,0,-1.0,100.0,1,-1.0,100.0,0,-1.0,100.0,0,-1.0,100.0,0,-1.0,100.0,0,-1.0,100.0,0,-1.0,100.0,0,-1.0,100.0,0,-1.0,100.0,0,-1.0,100.0,0,-1.0,100.0,0,-1.0,100.0,0,-1.0,100.0,0,-1.0,100.0,0,-1.0,100.0,0,-1.0,100.0,0,-1.0,100.0,0,-1.0,100.0,0,-1.0,100.0,0,-1.0,100.0,0,-1.0,100.0
201710,1,-1.0,100.0,0,-1.0,100.0,0,-1.0,100.0,0,-1.0,100.0,0,-1.0,100.0,1,-1.0,100.0,0,-1.0,100.0,0,-1.0,100.0,0,-1.0,100.0,0,-1.0,100.0,0,-1.0,100.0,0,-1.0,100.0,0,-1.0,100.0,0,-1.0,100.0,0,-1.0,100.0,0,-1.0,100.0,0,-1.0,100.0,0,-1.0,100.0,0,-1.0,100.0,0,-1.0,100.0,0,-1.0,100.0,0,-1.0,100.0,0,-1.0,100.0,0,-1.0,100.0,0,-1.0,100.0
201720,1,-1.0,100.0,0,-1.0,100.0,0,-1.0,100.0,0,-1.0,100.0,0,-1.0,100.0,1,-1.0,100.0,0,-1.0,100.0,0,-1.0,100.0,0,-1.0,100.0,0,-1.0,100.0,0,-1.0,100.0,0,-1.0,100.0,0,-1.0,100.0,0,-1.0,100.0,0,-1.0,100.0,0,-1.0,100.0,0,-1.0,100.0,0,-1.0,100.0,0,-1.0,100.0,0,-1.0,100.0,1,-1.0,100.0,0,-1.0,100.0,0,-1.0,100.0,0,-1.0,100.0,0,-1.0,100.0
201730,1,-1.0,100.0,0,-1.0,100.0,0,-1.0,100.0,0,-1.0,100.0,0,-1.0,100.0,1,-1.0,100.0,0,-1.0,100.0,0,-1.0,100.0,0,-1.0,100.0,0,-1.0,100.0,0,-1.0,100.0,0,-1.0,100.0,0,-1.0,100.0,0,-1.0,100.0,0,-1.0,100.0,0,-1.0,100.0,0,-1.0,100.0,0,-1.0,100.0,0,-1.0,100.0,0,-1.0,100.0,1,-1.0,100.0,0,-1.0,100.0,0,-1.0,100.0,0,-1.0,100.0,0,-1.0,100.0
201740,1,-1.0,100.0,1,-1.0,100.0,0,-1.0,100.0,0,-1.0,100.0,0,-1.0,100.0,1,-1.0,100.0,1,-1.0,100.0,0,-1.0,100.0,0,-1.0,100.0,0,-1.0,100.0,1,-1.0,100.0,1,-1.0,100.0,0,-1.0,100.0,0,-1.0,100.0,0,-1.0,100.0,0,-1.0,100.0,0,-1.0,100.0,0,-1.0,100.0,0,-1.0,100.0,0,-1.0,100.0,0,-1.0,100.0,0,-1.0,100.0,0,-1.0,100.0,0,-1.0,100.0,0,-1.0,100.0
201750,1,-1.0,100.0,0,-1.0,100.0,0,-1.0,100.0,0,-1.0,100.0,0,-1.0,100.0,1,-1.0,100.0,0,-1.0,100.0,0,-1.0,100.0,0,-1.0,100.0,0,-1.0,100.0,0,-1.0,100.0,0,-1.0,100.0,0,-1.0,100.0,0,-1.0,100.0,0,-1.0,100.0,0,-1.0,100.0,0,-1.0,100.0,0,-1.0,100.0,0,-1.0,100.0,0,-1.0,100.0,0,-1.0,100.0,0,-1.0,100.0,0,-1.0,100.0,0,-1.0,100.0,0,-1.0,100.0
201760,1,-1.0,100.0,0,-1.0,100.0,0,-1.0,100.0,0,-1.0,100.0,0,-1.0,100.0,1,-1.0,100.0,0,-1.0,100.0,0,-1.0,100.0,0,-1.0,100.0,0,-1.0,100.0,0,-1.0,100.0,0,-1.0,100.0,0,-1.0,100.0,0,-1.0,100.0,0,-1.0,100.0,0,-1.0,100.0,0,-1.0,100.0,0,-1.0,100.0,0,-1.0,100.0,0,-1.0,100.0,0,-1.0,100.0,0,-1.0,100.0,0,-1.0,100.0,0,-1.0,100.0,0,-1.0,100.0
201830,0,-1.0,100.0,0,-1.0,100.0,1,-1.0,100.0,0,-1.0,100.0,0,-1.0,100.0,0,-1.0,100.0,0,-1.0,100.0,1,-1.0,100.0,0,-1.0,100.0,0,-1.0,100.0,0,-1.0,100.0,0,-1.0,100.0,0,-1.0,100.0,0,-1.0,100.0,0,-1.0,100.0,0,-1.0,100.0,0,-1.0,100.0,0,-1.0,100.0,0,-1.0,100.0,0,-1.0,100.0,0,-1.0,100.0,0,-1.0,100.0,0,-1.0,100.0,0,-1.0,100.0,0,-1.0,100.0
201831,0,-1.0,100.0,0,-1.0,100.0,1,-1.0,100.0,0,-1.0,100.0,0,-1.0,100.0,0,-1.0,100.0,0,-1.0,100.0,1,-1.0,100.0,0,-1.0,100.0,0,-1.0,100.0,0,-1.0,100.0,0,-1.0,100.0,0,-1.0,100.0,0,-1.0,100.0,0,-1.0,100.0,0,-1.0,100.0,0,-1.0,100.0,0,-1.0,100.0,0,-1.0,100.0,0,-1.0,100.0,0,-1.0,100.0,0,-1.0,100.0,0,-1.0,100.0,0,-1.0,100.0,0,-1.0,100.0
201840,1,-1.0,100.0,0,-1.0,100.0,0,-1.0,100.0,0,-1.0,100.0,0,-1.0,100.0,1,-1.0,100.0,0,-1.0,100.0,0,-1.0,100.0,0,-1.0,100.0,0,-1.0,100.0,0,-1.0,100.0,0,-1.0,100.0,0,-1.0,100.0,0,-1.0,100.0,0,-1.0,100.0,0,-1.0,100.0,0,-1.0,100.0,0,-1.0,100.0,0,-1.0,100.0,0,-1.0,100.0,1,-1.0,100.0,0,-1.0,100.0,0,-1.0,100.0,0,-1.0,100.0,0,-1.0,100.0
201841,1,-1.0,100.0,0,-1.0,100.0,0,-1.0,100.0,0,-1.0,100.0,0,-1.0,100.0,1,-1.0,100.0,0,-1.0,100.0,0,-1.0,100.0,0,-1.0,100.0,0,-1.0,100.0,0,-1.0,100.0,0,-1.0,100.0,0,-1.0,100.0,0,-1.0,100.0,0,-1.0,100.0,0,-1.0,100.0,0,-1.0,100.0,0,-1.0,100.0,0,-1.0,100.0,0,-1.0,100.0,1,-1.0,100.0,0,-1.0,100.0,0,-1.0,100.0,0,-1.0,100.0,0,-1.0,100.0
203000,0,-1.0,100.0,0,-1.0,100.0,0,-1.0,100.0,0,-1.0,100.0,0,-1.0,100.0,0,-1.0,100.0,0,-1.0,100.0,0,-1.0,100.0,0,-1.0,100.0,0,-1.0,100.0,0,-1.0,100.0,1,-1.0,100.0,0,-1.0,100.0,0,-1.0,100.0,0,-1.0,100.0,0,-1.0,100.0,0,-1.0,100.0,0,-1.0,100.0,0,-1.0,100.0,0,-1.0,100.0,0,-1.0,100.0,0,-1.0,100.0,0,-1.0,100.0,0,-1.0,100.0,0,-1.0,100.0
203010,0,-1.0,100.0,0,-1.0,100.0,0,-1.0,100.0,0,-1.0,100.0,0,-1.0,100.0,0,-1.0,100.0,0,-1.0,100.0,0,-1.0,100.0,0,-1.0,100.0,0,-1.0,100.0,0,-1.0,100.0,0,-1.0,100.0,0,-1.0,100.0,0,-1.0,100.0,1,-1.0,100.0,0,-1.0,100.0,0,-1.0,100.0,0,-1.0,100.0,0,-1.0,100.0,1,-1.0,100.0,0,-1.0,100.0,0,-1.0,100.0,0,-1.0,100.0,0,-1.0,100.0,0,-1.0,100.0
203011,0,-1.0,100.0,0,-1.0,100.0,0,-1.0,100.0,0,-1.0,100.0,0,-1.0,100.0,0,-1.0,100.0,0,-1.0,100.0,0,-1.0,100.0,0,-1.0,100.0,0,-1.0,100.0,0,-1.0,100.0,0,-1.0,100.0,0,-1.0,100.0,0,-1.0,100.0,1,-1.0,100.0,0,-1.0,100.0,0,-1.0,100.0,0,-1.0,100.0,0,-1.0,100.0,1,-1.0,100.0,0,-1.0,100.0,0,-1.0,100.0,0,-1.0,100.0,0,-1.0,100.0,0,-1.0,100.0
203020,0,-1.0,100.0,0,-1.0,100.0,0,-1.0,100.0,0,-1.0,100.0,0,-1.0,100.0,0,-1.0,100.0,0,-1.0,100.0,0,-1.0,100.0,0,-1.0,100.0,0,-1.0,100.0,0,-1.0,100.0,0,-1.0,100.0,0,-1.0,100.0,0,-1.0,100.0,0,-1.0,100.0,0,-1.0,100.0,0,-1.0,100.0,0,-1.0,100.0,0,-1.0,100.0,1,-1.0,100.0,0,-1.0,100.0,0,-1.0,100.0,0,-1.0,100.0,0,-1.0,100.0,0,-1.0,100.0
203030,0,-1.0,100.0,0,-1.0,100.0,0,-1.0,100.0,0,-1.0,100.0,0,-1.0,100.0,0,-1.0,100.0,0,-1.0,100.0,0,-1.0,100.0,0,-1.0,100.0,0,-1.0,100.0,0,-1.0,100.0,1,-1.0,100.0,0,-1.0,100.0,0,-1.0,100.0,0,-1.0,100.0,0,-1.0,100.0,0,-1.0,100.0,0,-1.0,100.0,0,-1.0,100.0,0,-1.0,100.0,0,-1.0,100.0,0,-1.0,100.0,0,-1.0,100.0,0,-1.0,100.0,0,-1.0,100.0
203050,0,-1.0,100.0,0,-1.0,100.0,0,-1.0,100.0,0,-1.0,100.0,0,-1.0,100.0,0,-1.0,100.0,0,-1.0,100.0,0,-1.0,100.0,0,-1.0,100.0,0,-1.0,100.0,0,-1.0,100.0,1,-1.0,100.0,0,-1.0,100.0,0,-1.0,100.0,0,-1.0,100.0,0,-1.0,100.0,0,-1.0,100.0,0,-1.0,100.0,0,-1.0,100.0,0,-1.0,100.0,0,-1.0,100.0,0,-1.0,100.0,0,-1.0,100.0,0,-1.0,100.0,0,-1.0,100.0
203051,0,-1.0,100.0,0,-1.0,100.0,0,-1.0,100.0,0,-1.0,100.0,0,-1.0,100.0,0,-1.0,100.0,0,-1.0,100.0,0,-1.0,100.0,0,-1.0,100.0,0,-1.0,100.0,0,-1.0,100.0,1,-1.0,100.0,0,-1.0,100.0,0,-1.0,100.0,0,-1.0,100.0,0,-1.0,100.0,0,-1.0,100.0,0,-1.0,100.0,0,-1.0,100.0,0,-1.0,100.0,0,-1.0,100.0,0,-1.0,100.0,0,-1.0,100.0,0,-1.0,100.0,0,-1.0,100.0
203060,1,-1.0,100.0,1,-1.0,100.0,0,-1.0,100.0,0,-1.0,100.0,0,-1.0,100.0,0,-1.0,100.0,0,-1.0,100.0,0,-1.0,100.0,0,-1.0,100.0,0,-1.0,100.0,1,-1.0,100.0,1,-1.0,100.0,0,-1.0,100.0,0,-1.0,100.0,0,-1.0,100.0,0,-1.0,100.0,0,-1.0,100.0,0,-1.0,100.0,0,-1.0,100.0,0,-1.0,100.0,0,-1.0,100.0,0,-1.0,100.0,0,-1.0,100.0,0,-1.0,100.0,0,-1.0,100.0
203070,1,-1.0,100.0,1,-1.0,100.0,0,-1.0,100.0,0,-1.0,100.0,0,-1.0,100.0,0,-1.0,100.0,0,-1.0,100.0,0,-1.0,100.0,0,-1.0,100.0,0,-1.0,100.0,1,-1.0,100.0,1,-1.0,100.0,0,-1.0,100.0,0,-1.0,100.0,0,-1.0,100.0,0,-1.0,100.0,0,-1.0,100.0,0,-1.0,100.0,0,-1.0,100.0,0,-1.0,100.0,0,-1.0,100.0,0,-1.0,100.0,0,-1.0,100.0,0,-1.0,100.0,0,-1.0,100.0
203080,0,-1.0,100.0,0,-1.0,100.0,0,-1.0,100.0,0,-1.0,100.0,0,-1.0,100.0,0,-1.0,100.0,0,-1.0,100.0,0,-1.0,100.0,0,-1.0,100.0,0,-1.0,100.0,0,-1.0,100.0,1,-1.0,100.0,0,-1.0,100.0,0,-1.0,100.0,0,-1.0,100.0,0,-1.0,100.0,1,-1.0,100.0,0,-1.0,100.0,0,-1.0,100.0,0,-1.0,100.0,0,-1.0,100.0,0,-1.0,100.0,0,-1.0,100.0,0,-1.0,100.0,0,-1.0,100.0
203510,0,-1.0,100.0,0,-1.0,100.0,1,-1.0,100.0,0,-1.0,100.0,0,-1.0,100.0,0,-1.0,100.0,0,-1.0,100.0,1,-1.0,100.0,0,-1.0,100.0,0,-1.0,100.0,0,-1.0,100.0,0,-1.0,100.0,1,-1.0,100.0,0,-1.0,100.0,0,-1.0,100.0,0,-1.0,100.0,0,-1.0,100.0,0,-1.0,100.0,0,-1.0,100.0,0,-1.0,100.0,0,-1.0,100.0,0,-1.0,100.0,0,-1.0,100.0,0,-1.0,100.0,0,-1.0,100.0
203580,0,-1.0,100.0,0,-1.0,100.0,0,-1.0,100.0,0,-1.0,100.0,0,-1.0,100.0,0,-1.0,100.0,0,-1.0,100.0,0,-1.0,100.0,0,-1.0,100.0,0,-1.0,100.0,0,-1.0,100.0,0,-1.0,100.0,0,-1.0,100.0,0,-1.0,100.0,0,-1.0,100.0,0,-1.0,100.0,0,-1.0,100.0,0,-1.0,100.0,0,-1.0,100.0,0,-1.0,100.0,1,-1.0,100.0,0,-1.0,100.0,0,-1.0,100.0,0,-1.0,100.0,0,-1.0,100.0
203610,1,-1.0,100.0,0,-1.0,100.0,0,-1.0,100.0,0,-1.0,100.0,0,-1.0,100.0,1,-1.0,100.0,0,-1.0,100.0,0,-1.0,100.0,0,-1.0,100.0,0,-1.0,100.0,0,-1.0,100.0,0,-1.0,100.0,0,-1.0,100.0,0,-1.0,100.0,0,-1.0,100.0,0,-1.0,100.0,0,-1.0,100.0,0,-1.0,100.0,0,-1.0,100.0,0,-1.0,100.0,1,-1.0,100.0,0,-1.0,100.0,0,-1.0,100.0,0,-1.0,100.0,0,-1.0,100.0
10010000,1,-1.0,100.0,0,-1.0,100.0,0,-1.0,100.0,0,-1.0,100.0,0,-1.0,100.0,1,-1.0,100.0,0,-1.0,100.0,0,-1.0,100.0,0,-1.0,100.0,0,-1.0,100.0,0,-1.0,100.0,1,-1.0,100.0,1,-1.0,100.0,0,-1.0,100.0,1,-1.0,100.0,0,-1.0,100.0,0,-1.0,100.0,1,-1.0,100.0,1,-1.0,100.0,1,-1.0,100.0,0,-1.0,100.0,0,-1.0,100.0,0,-1.0,100.0,0,-1.0,100.0,0,-1.0,100.0
10010010,1,-1.0,100.0,0,-1.0,100.0,0,-1.0,100.0,0,-1.0,100.0,0,-1.0,100.0,1,-1.0,100.0,0,-1.0,100.0,0,-1.0,100.0,0,-1.0,100.0,0,-1.0,100.0,0,-1.0,100.0,1,-1.0,100.0,1,-1.0,100.0,0,-1.0,100.0,1,-1.0,100.0,0,-1.0,100.0,0,-1.0,100.0,1,-1.0,100.0,1,-1.0,100.0,1,-1.0,100.0,0,-1.0,100.0,0,-1.0,100.0,0,-1.0,100.0,0,-1.0,100.0,0,-1.0,100.0
10010020,1,-1.0,100.0,0,-1.0,100.0,0,-1.0,100.0,0,-1.0,100.0,0,-1.0,100.0,1,-1.0,100.0,0,-1.0,100.0,0,-1.0,100.0,0,-1.0,100.0,0,-1.0,100.0,0,-1.0,100.0,1,-1.0,100.0,1,-1.0,100.0,0,-1.0,100.0,1,-1.0,100.0,0,-1.0,100.0,0,-1.0,100.0,1,-1.0,100.0,1,-1.0,100.0,1,-1.0,100.0,0,-1.0,100.0,0,-1.0,100.0,0,-1.0,100.0,0,-1.0,100.0,0,-1.0,100.0
10010030,1,-1.0,100.0,0,-1.0,100.0,0,-1.0,100.0,0,-1.0,100.0,0,-1.0,100.0,1,-1.0,100.0,0,-1.0,100.0,0,-1.0,100.0,0,-1.0,100.0,0,-1.0,100.0,0,-1.0,100.0,1,-1.0,100.0,1,-1.0,100.0,1,-1.0,100.0,1,-1.0,100.0,0,-1.0,100.0,1,-1.0,100.0,1,-1.0,100.0,1,-1.0,100.0,1,-1.0,100.0,0,-1.0,100.0,0,-1.0,100.0,0,-1.0,100.0,0,-1.0,100.0,0,-1.0,100.0
10041000,0,-1.0,100.0,1,-1.0,100.0,0,-1.0,100.0,0,-1.0,100.0,0,-1.0,100.0,0,-1.0,100.0,1,-1.0,100.0,0,-1.0,100.0,0,-1.0,100.0,0,-1.0,100.0,0,-1.0,100.0,1,-1.0,100.0,0,-1.0,100.0,0,-1.0,100.0,0,-1.0,100.0,0,-1.0,100.0,0,-1.0,100.0,0,-1.0,100.0,0,-1.0,100.0,0,-1.0,100.0,0,-1.0,100.0,0,-1.0,100.0,0,-1.0,100.0,0,-1.0,100.0,0,-1.0,100.0
10061700,0,-1.0,100.0,1,-1.0,100.0,0,-1.0,100.0,0,-1.0,100.0,0,-1.0,100.0,0,-1.0,100.0,1,-1.0,100.0,0,-1.0,100.0,0,-1.0,100.0,0,-1.0,100.0,0,-1.0,100.0,1,-1.0,100.0,0,-1.0,100.0,0,-1.0,100.0,0,-1.0,100.0,0,-1.0,100.0,0,-1.0,100.0,0,-1.0,100.0,0,-1.0,100.0,0,-1.0,100.0,0,-1.0,100.0,0,-1.0,100.0,0,-1.0,100.0,0,-1.0,100.0,0,-1.0,100.0
10062600,0,-1.0,100.0,0,-1.0,100.0,1,-1.0,100.0,0,-1.0,100.0,0,-1.0,100.0,0,-1.0,100.0,0,-1.0,100.0,1,-1.0,100.0,0,-1.0,100.0,0,-1.0,100.0,0,-1.0,100.0,0,-1.0,100.0,1,-1.0,100.0,0,-1.0,100.0,0,-1.0,100.0,0,-1.0,100.0,0,-1.0,100.0,1,-1.0,100.0,0,-1.0,100.0,0,-1.0,100.0,0,-1.0,100.0,0,-1.0,100.0,0,-1.0,100.0,0,-1.0,100.0,0,-1.0,100.0
10062700,0,-1.0,100.0,0,-1.0,100.0,1,-1.0,100.0,0,-1.0,100.0,0,-1.0,100.0,0,-1.0,100.0,0,-1.0,100.0,1,-1.0,100.0,0,-1.0,100.0,0,-1.0,100.0,0,-1.0,100.0,0,-1.0,100.0,1,-1.0,100.0,0,-1.0,100.0,0,-1.0,100.0,0,-1.0,100.0,0,-1.0,100.0,1,-1.0,100.0,0,-1.0,100.0,0,-1.0,100.0,0,-1.0,100.0,0,-1.0,100.0,0,-1.0,100.0,0,-1.0,100.0,0,-1.0,100.0
10063200,0,-1.0,100.0,1,-1.0,100.0,0,-1.0,100.0,0,-1.0,100.0,0,-1.0,100.0,0,-1.0,100.0,1,-1.0,100.0,0,-1.0,100.0,0,-1.0,100.0,0,-1.0,100.0,0,-1.0,100.0,1,-1.0,100.0,0,-1.0,100.0,0,-1.0,100.0,0,-1.0,100.0,0,-1.0,100.0,0,-1.0,100.0,0,-1.0,100.0,0,-1.0,100.0,0,-1.0,100.0,0,-1.0,100.0,0,-1.0,100.0,0,-1.0,100.0,0,-1.0,100.0,0,-1.0,100.0
10063210,0,-1.0,100.0,1,-1.0,100.0,0,-1.0,100.0,0,-1.0,100.0,0,-1.0,100.0,0,-1.0,100.0,1,-1.0,100.0,0,-1.0,100.0,0,-1.0,100.0,0,-1.0,100.0,0,-1.0,100.0,1,-1.0,100.0,0,-1.0,100.0,0,-1.0,100.0,0,-1.0,100.0,0,-1.0,100.0,0,-1.0,100.0,0,-1.0,100.0,0,-1.0,100.0,0,-1.0,100.0,0,-1.0,100.0,0,-1.0,100.0,0,-1.0,100.0,0,-1.0,100.0,0,-1.0,100.0
10063400,0,-1.0,100.0,0,-1.0,100.0,1,-1.0,100.0,0,-1.0,100.0,0,-1.0,100.0,0,-1.0,100.0,0,-1.0,100.0,1,-1.0,100.0,0,-1.0,100.0,0,-1.0,100.0,0,-1.0,100.0,0,-1.0,100.0,0,-1.0,100.0,0,-1.0,100.0,0,-1.0,100.0,0,-1.0,100.0,0,-1.0,100.0,0,-1.0,100.0,0,-1.0,100.0,0,-1.0,100.0,0,-1.0,100.0,0,-1.0,100.0,0,-1.0,100.0,0,-1.0,100.0,0,-1.0,100.0
10071100,0,-1.0,100.0,0,-1.0,100.0,0,-1.0,100.0,1,-1.0,100.0,0,-1.0,100.0,0,-1.0,100.0,0,-1.0,100.0,0,-1.0,100.0,1,-1.0,100.0,0,-1.0,100.0,0,-1.0,100.0,0,-1.0,100.0,0,-1.0,100.0,0,-1.0,100.0,0,-1.0,100.0,0,-1.0,100.0,0,-1.0,100.0,0,-1.0,100.0,1,-1.0,100.0,0,-1.0,100.0,0,-1.0,100.0,0,-1.0,100.0,0,-1.0,100.0,0,-1.0,100.0,0,-1.0,100.0
10071200,0,-1.0,100.0,0,-1.0,100.0,1,-1.0,100.0,0,-1.0,100.0,0,-1.0,100.0,0,-1.0,100.0,0,-1.0,100.0,1,-1.0,100.0,0,-1.0,100.0,0,-1.0,100.0,0,-1.0,100.0,0,-1.0,100.0,1,-1.0,100.0,0,-1.0,100.0,0,-1.0,100.0,0,-1.0,100.0,0,-1.0,100.0,1,-1.0,100.0,0,-1.0,100.0,0,-1.0,100.0,0,-1.0,100.0,0,-1.0,100.0,0,-1.0,100.0,0,-1.0,100.0,0,-1.0,100.0
10081700,0,-1.0,100.0,0,-1.0,100.0,1,-1.0,100.0,0,-1.0,100.0,0,-1.0,100.0,0,-1.0,100.0,0,-1.0,100.0,1,-1.0,100.0,0,-1.0,100.0,0,-1.0,100.0,0,-1.0,100.0,0,-1.0,100.0,1,-1.0,100.0,0,-1.0,100.0,0,-1.0,100.0,0,-1.0,100.0,0,-1.0,100.0,1,-1.0,100.0,0,-1.0,100.0,0,-1.0,100.0,0,-1.0,100.0,0,-1.0,100.0,0,-1.0,100.0,0,-1.0,100.0,0,-1.0,100.0
10081900,0,-1.0,100.0,0,-1.0,100.0,1,-1.0,100.0,0,-1.0,100.0,0,-1.0,100.0,0,-1.0,100.0,0,-1.0,100.0,1,-1.0,100.0,0,-1.0,100.0,0,-1.0,100.0,0,-1.0,100.0,0,-1.0,100.0,1,-1.0,100.0,0,-1.0,100.0,0,-1.0,100.0,0,-1.0,100.0,0,-1.0,100.0,1,-1.0,100.0,0,-1.0,100.0,0,-1.0,100.0,0,-1.0,100.0,0,-1.0,100.0,0,-1.0,100.0,0,-1.0,100.0,0,-1.0,100.0
10091100,0,-1.0,100.0,0,-1.0,100.0,1,-1.0,100.0,0,-1.0,100.0,0,-1.0,100.0,0,-1.0,100.0,0,-1.0,100.0,1,-1.0,100.0,0,-1.0,100.0,0,-1.0,100.0,0,-1.0,100.0,0,-1.0,100.0,1,-1.0,100.0,0,-1.0,100.0,0,-1.0,100.0,0,-1.0,100.0,0,-1.0,100.0,1,-1.0,100.0,0,-1.0,100.0,0,-1.0,100.0,0,-1.0,100.0,0,-1.0,100.0,0,-1.0,100.0,0,-1.0,100.0,0,-1.0,100.0
10091600,0,-1.0,100.0,0,-1.0,100.0,0,-1.0,100.0,1,-1.0,100.0,0,-1.0,100.0,0,-1.0,100.0,0,-1.0,100.0,0,-1.0,100.0,1,-1.0,100.0,0,-1.0,100.0,0,-1.0,100.0,0,-1.0,100.0,0,-1.0,100.0,0,-1.0,100.0,0,-1.0,100.0,0,-1.0,100.0,0,-1.0,100.0,0,-1.0,100.0,1,-1.0,400.0,0,-1.0,100.0,0,-1.0,100.0,0,-1.0,100.0,0,-1.0,100.0,0,-1.0,100.0,0,-1.0,100.0
10091800,1,-1.0,100.0,0,-1.0,100.0,0,-1.0,100.0,0,-1.0,100.0,0,-1.0,100.0,1,-1.0,100.0,0,-1.0,100.0,0,-1.0,100.0,0,-1.0,100.0,0,-1.0,100.0,0,-1.0,100.0,1,-1.0,100.0,1,-1.0,100.0,0,-1.0,100.0,1,-1.0,100.0,1,-1.0,100.0,0,-1.0,100.0,1,-1.0,100.0,1,-1.0,100.0,1,-1.0,100.0,0,-1.0,100.0,0,-1.0,100.0,0,-1.0,100.0,0,-1.0,100.0,0,-1.0,100.0
10091814,1,-1.0,100.0,0,-1.0,100.0,0,-1.0,100.0,0,-1.0,100.0,0,-1.0,100.0,1,-1.0,100.0,0,-1.0,100.0,0,-1.0,100.0,0,-1.0,100.0,0,-1.0,100.0,0,-1.0,100.0,1,-1.0,100.0,1,-1.0,100.0,0,-1.0,100.0,1,-1.0,100.0,1,-1.0,100.0,0,-1.0,100.0,1,-1.0,100.0,1,-1.0,100.0,1,-1.0,100.0,0,-1.0,100.0,0,-1.0,100.0,0,-1.0,100.0,0,-1.0,100.0,0,-1.0,100.0
10091815,1,-1.0,100.0,0,-1.0,100.0,0,-1.0,100.0,0,-1.0,100.0,0,-1.0,100.0,1,-1.0,100.0,0,-1.0,100.0,0,-1.0,100.0,0,-1.0,100.0,0,-1.0,100.0,0,-1.0,100.0,1,-1.0,100.0,1,-1.0,100.0,0,-1.0,100.0,1,-1.0,100.0,1,-1.0,100.0,0,-1.0,100.0,1,-1.0,100.0,1,-1.0,100.0,1,-1.0,100.0,1,-1.0,100.0,0,-1.0,100.0,0,-1.0,100.0,0,-1.0,100.0,0,-1.0,100.0
10092200,0,-1.0,100.0,0,-1.0,100.0,0,-1.0,100.0,1,-1.0,100.0,0,-1.0,100.0,0,-1.0,100.0,0,-1.0,100.0,0,-1.0,100.0,1,-1.0,100.0,0,-1.0,100.0,0,-1.0,100.0,0,-1.0,100.0,0,-1.0,100.0,0,-1.0,100.0,0,-1.0,100.0,0,-1.0,100.0,0,-1.0,100.0,0,-1.0,100.0,1,-1.0,400.0,0,-1.0,100.0,0,-1.0,100.0,0,-1.0,100.0,0,-1.0,100.0,0,-1.0,100.0,0,-1.0,100.0
10101600,0,-1.0,100.0,0,-1.0,100.0,1,-1.0,100.0,0,-1.0,100.0,0,-1.0,100.0,0,-1.0,100.0,0,-1.0,100.0,1,-1.0,100.0,0,-1.0,100.0,0,-1.0,100.0,0,-1.0,100.0,0,-1.0,100.0,1,-1.0,100.0,0,-1.0,100.0,0,-1.0,100.0,0,-1.0,100.0,0,-1.0,100.0,1,-1.0,100.0,0,-1.0,100.0,0,-1.0,100.0,0,-1.0,100.0,0,-1.0,100.0,0,-1.0,100.0,0,-1.0,100.0,0,-1.0,100.0
10110300,0,-1.0,100.0,0,-1.0,100.0,1,-1.0,100.0,0,-1.0,100.0,0,-1.0,100.0,0,-1.0,100.0,0,-1.0,100.0,1,-1.0,100.0,0,-1.0,100.0,0,-1.0,100.0,0,-1.0,100.0,0,-1.0,100.0,1,-1.0,100.0,0,-1.0,100.0,0,-1.0,100.0,0,-1.0,100.0,0,-1.0,100.0,1,-1.0,100.0,0,-1.0,100.0,0,-1.0,100.0,0,-1.0,100.0,0,-1.0,100.0,0,-1.0,100.0,0,-1.0,100.0,0,-1.0,100.0
10110310,0,-1.0,100.0,0,-1.0,100.0,1,-1.0,100.0,0,-1.0,100.0,0,-1.0,100.0,0,-1.0,100.0,0,-1.0,100.0,1,-1.0,100.0,0,-1.0,100.0,0,-1.0,100.0,0,-1.0,100.0,0,-1.0,100.0,1,-1.0,100.0,0,-1.0,100.0,0,-1.0,100.0,0,-1.0,100.0,0,-1.0,100.0,1,-1.0,100.0,0,-1.0,100.0,0,-1.0,100.0,0,-1.0,100.0,0,-1.0,100.0,0,-1.0,100.0,0,-1.0,100.0,0,-1.0,100.0
10131000,1,-1.0,100.0,0,-1.0,100.0,0,-1.0,100.0,0,-1.0,100.0,0,-1.0,100.0,1,-1.0,100.0,0,-1.0,100.0,0,-1.0,100.0,0,-1.0,100.0,0,-1.0,100.0,0,-1.0,100.0,1,-1.0,100.0,1,-1.0,100.0,0,-1.0,100.0,1,-1.0,100.0,0,-1.0,100.0,0,-1.0,100.0,1,-1.0,100.0,1,-1.0,100.0,1,-1.0,100.0,0,-1.0,100.0,1,-1.0,100.0,0,-1.0,100.0,0,-1.0,100.0,1,-1.0,100.0
10131100,1,-1.0,100.0,0,-1.0,100.0,0,-1.0,100.0,0,-1.0,100.0,0,-1.0,100.0,1,-1.0,100.0,0,-1.0,100.0,0,-1.0,100.0,0,-1.0,100.0,0,-1.0,100.0,0,-1.0,100.0,0,-1.0,100.0,1,-1.0,100.0,0,-1.0,100.0,1,-1.0,100.0,0,-1.0,100.0,1,-1.0,100.0,1,-1.0,100.0,1,-1.0,100.0,1,-1.0,100.0,0,-1.0,100.0,0,-1.0,100.0,0,-1.0,100.0,0,-1.0,100.0,0,-1.0,100.0
10131200,1,-1.0,100.0,0,-1.0,100.0,0,-1.0,100.0,0,-1.0,100.0,0,-1.0,100.0,1,-1.0,100.0,0,-1.0,100.0,0,-1.0,100.0,0,-1.0,100.0,0,-1.0,100.0,0,-1.0,100.0,0,-1.0,100.0,1,-1.0,100.0,0,-1.0,100.0,1,-1.0,100.0,0,-1.0,100.0,1,-1.0,100.0,1,-1.0,100.0,1,-1.0,100.0,1,-1.0,100.0,0,-1.0,100.0,0,-1.0,100.0,0,-1.0,100.0,0,-1.0,100.0,0,-1.0,100.0
10141300,0,-1.0,100.0,0,-1.0,100.0,0,-1.0,100.0,0,-1.0,100.0,0,-1.0,100.0,0,-1.0,100.0,0,-1.0,100.0,0,-1.0,100.0,0,-1.0,100.0,0,-1.0,100.0,0,-1.0,100.0,0,-1.0,100.0,0,-1.0,100.0,0,-1.0,100.0,0,-1.0,100.0,0,-1.0,100.0,0,-1.0,100.0,0,-1.0,100.0,0,-1.0,100.0,0,-1.0,100.0,0,-1.0,100.0,0,-1.0,100.0,0,-1.0,100.0,0,-1.0,100.0,0,-1.0,100.0
10160400,1,-1.0,100.0,1,-1.0,100.0,0,-1.0,100.0,0,-1.0,100.0,0,-1.0,100.0,1,-1.0,100.0,1,-1.0,100.0,0,-1.0,100.0,0,-1.0,100.0,0,-1.0,100.0,0,-1.0,100.0,1,-1.0,100.0,0,-1.0,100.0,0,-1.0,100.0,0,-1.0,100.0,0,-1.0,100.0,0,-1.0,100.0,0,-1.0,100.0,0,-1.0,100.0,0,-1.0,100.0,0,-1.0,100.0,0,-1.0,100.0,0,-1.0,100.0,0,-1.0,100.0,0,-1.0,100.0
10160410,1,-1.0,100.0,0,-1.0,100.0,1,-1.0,100.0,0,-1.0,100.0,0,-1.0,100.0,1,-1.0,100.0,0,-1.0,100.0,1,-1.0,100.0,0,-1.0,100.0,0,-1.0,100.0,0,-1.0,100.0,0,-1.0,100.0,1,-1.0,100.0,0,-1.0,100.0,0,-1.0,100.0,0,-1.0,100.0,0,-1.0,100.0,1,-1.0,100.0,0,-1.0,100.0,0,-1.0,100.0,0,-1.0,100.0,0,-1.0,100.0,0,-1.0,100.0,0,-1.0,100.0,0,-1.0,100.0
10160420,1,-1.0,100.0,1,-1.0,100.0,1,-1.0,100.0,0,-1.0,100.0,0,-1.0,100.0,1,-1.0,100.0,1,-1.0,100.0,1,-1.0,100.0,0,-1.0,100.0,0,-1.0,100.0,0,-1.0,100.0,1,-1.0,100.0,1,-1.0,100.0,0,-1.0,100.0,0,-1.0,100.0,0,-1.0,100.0,0,-1.0,100.0,1,-1.0,100.0,0,-1.0,100.0,0,-1.0,100.0,0,-1.0,100.0,0,-1.0,100.0,0,-1.0,100.0,0,-1.0,100.0,0,-1.0,100.0
20000000,1,-1.0,100.0,1,-1.0,100.0,1,-1.0,100.0,1,-1.0,100.0,1,-1.0,100.0,1,-1.0,100.0,1,-1.0,100.0,1,-1.0,100.0,1,-1.0,100.0,1,-1.0,100.0,0,-1.0,100.0,1,-1.0,100.0,1,-1.0,100.0,0,-1.0,100.0,0,-1.0,100.0,0,-1.0,100.0,0,-1.0,100.0,1,-1.0,100.0,1,-1.0,100.0,1,-1.0,100.0,1,-1.0,100.0,0,-1.0,100.0,0,-1.0,100.0,0,-1.0,100.0,0,-1.0,100.0
20010000,1,-1.0,100.0,0,-1.0,100.0,0,-1.0,100.0,0,-1.0,100.0,0,-1.0,100.0,1,-1.0,100.0,1,-1.0,100.0,0,-1.0,100.0,1,-1.0,100.0,0,-1.0,100.0,0,-1.0,100.0,1,-1.0,100.0,0,-1.0,100.0,0,-1.0,100.0,0,-1.0,100.0,0,-1.0,100.0,0,-1.0,100.0,1,-1.0,100.0,0,-1.0,100.0,1,-1.0,100.0,0,-1.0,100.0,0,-1.0,100.0,0,-1.0,100.0,0,-1.0,100.0,0,-1.0,100.0
20010100,1,-1.0,100.0,0,-1.0,100.0,0,-1.0,100.0,0,-1.0,100.0,0,-1.0,100.0,1,-1.0,100.0,0,-1.0,100.0,0,-1.0,100.0,1,-1.0,100.0,0,-1.0,100.0,1,-1.0,100.0,1,-1.0,100.0,0,-1.0,100.0,0,-1.0,100.0,0,-1.0,100.0,1,-1.0,100.0,0,-1.0,100.0,1,-1.0,100.0,0,-1.0,100.0,1,-1.0,100.0,0,-1.0,100.0,0,-1.0,100.0,0,-1.0,100.0,0,-1.0,100.0,0,-1.0,100.0
20010101,1,-1.0,100.0,0,-1.0,100.0,1,-1.0,100.0,0,-1.0,100.0,0,-1.0,100.0,1,-1.0,100.0,0,-1.0,100.0,0,-1.0,100.0,1,-1.0,100.0,0,-1.0,100.0,1,-1.0,100.0,1,-1.0,100.0,0,-1.0,100.0,0,-1.0,100.0,0,-1.0,100.0,1,-1.0,100.0,0,-1.0,100.0,1,-1.0,100.0,0,-1.0,100.0,1,-1.0,100.0,0,-1.0,100.0,0,-1.0,100.0,0,-1.0,100.0,0,-1.0,100.0,0,-1.0,100.0
20010102,1,-1.0,100.0,0,-1.0,100.0,0,-1.0,100.0,0,-1.0,100.0,0,-1.0,100.0,1,-1.0,100.0,0,-1.0,100.0,0,-1.0,100.0,1,-1.0,100.0,0,-1.0,100.0,1,-1.0,100.0,1,-1.0,100.0,0,-1.0,100.0,0,-1.0,100.0,0,-1.0,100.0,1,-1.0,100.0,0,-1.0,100.0,1,-1.0,100.0,0,-1.0,100.0,1,-1.0,100.0,1,-1.0,100.0,0,-1.0,100.0,0,-1.0,100.0,0,-1.0,100.0,0,-1.0,100.0
20010103,1,-1.0,100.0,0,-1.0,100.0,0,-1.0,100.0,0,-1.0,100.0,0,-1.0,100.0,1,-1.0,100.0,0,-1.0,100.0,0,-1.0,100.0,1,-1.0,100.0,0,-1.0,100.0,1,5.0,100.0,1,-1.0,100.0,0,-1.0,100.0,0,-1.0,100.0,0,-1.0,100.0,1,5.0,100.0,0,-1.0,100.0,1,-1.0,100.0,0,-1.0,100.0,1,-1.0,100.0,1,-1.0,100.0,0,-1.0,100.0,0,-1.0,100.0,0,-1.0,100.0,0,-1.0,100.0
20010104,1,-1.0,100.0,0,-1.0,100.0,0,-1.0,100.0,0,-1.0,100.0,0,-1.0,100.0,1,-1.0,100.0,0,-1.0,100.0,0,-1.0,100.0,1,-1.0,100.0,0,-1.0,100.0,1,5.0,100.0,1,-1.0,100.0,0,-1.0,100.0,0,-1.0,100.0,0,-1.0,100.0,1,5.0,100.0,0,-1.0,100.0,1,-1.0,100.0,0,-1.0,100.0,1,-1.0,100.0,1,-1.0,100.0,0,-1.0,100.0,0,-1.0,100.0,0,-1.0,100.0,0,-1.0,100.0
20010105,1,-1.0,100.0,0,-1.0,100.0,0,-1.0,100.0,0,-1.0,100.0,0,-1.0,100.0,1,-1.0,100.0,0,-1.0,100.0,0,-1.0,100.0,1,-1.0,100.0,0,-1.0,100.0,1,5.0,100.0,1,-1.0,100.0,0,-1.0,100.0,0,-1.0,100.0,0,-1.0,100.0,1,5.0,100.0,0,-1.0,100.0,1,-1.0,100.0,0,-1.0,100.0,1,-1.0,100.0,1,-1.0,100.0,0,-1.0,100.0,0,-1.0,100.0,0,-1.0,100.0,0,-1.0,100.0
20010200,1,-1.0,100.0,0,-1.0,100.0,1,-1.0,100.0,0,-1.0,100.0,0,-1.0,100.0,1,-1.0,100.0,0,-1.0,100.0,0,-1.0,100.0,1,-1.0,100.0,0,-1.0,100.0,0,-1.0,100.0,1,-1.0,100.0,0,-1.0,100.0,0,-1.0,100.0,0,-1.0,100.0,0,-1.0,100.0,0,-1.0,100.0,0,-1.0,100.0,0,-1.0,100.0,1,-1.0,100.0,1,-1.0,100.0,0,-1.0,100.0,0,-1.0,100.0,0,-1.0,100.0,0,-1.0,100.0
20010300,1,-1.0,100.0,0,-1.0,100.0,0,-1.0,100.0,0,-1.0,100.0,0,-1.0,100.0,1,-1.0,100.0,0,-1.0,100.0,0,-1.0,100.0,0,-1.0,100.0,0,-1.0,100.0,0,-1.0,100.0,1,-1.0,100.0,0,-1.0,100.0,0,-1.0,100.0,0,-1.0,100.0,0,-1.0,100.0,0,-1.0,100.0,1,-1.0,100.0,1,-1.0,100.0,1,-1.0,100.0,0,-1.0,100.0,0,-1.0,100.0,0,-1.0,100.0,0,-1.0,100.0,0,-1.0,100.0
20010301,1,-1.0,100.0,0,-1.0,100.0,1,-1.0,100.0,0,-1.0,100.0,0,-1.0,100.0,1,-1.0,100.0,0,-1.0,100.0,0,-1.0,100.0,0,-1.0,100.0,0,-1.0,100.0,0,-1.0,100.0,1,-1.0,100.0,0,-1.0,100.0,0,-1.0,100.0,0,-1.0,100.0,0,-1.0,100.0,0,-1.0,100.0,0,-1.0,100.0,1,-1.0,100.0,1,-1.0,100.0,0,-1.0,100.0,0,-1.0,100.0,0,-1.0,100.0,0,-1.0,100.0,0,-1.0,100.0
20010302,1,-1.0,100.0,0,-1.0,100.0,0,-1.0,100.0,0,-1.0,100.0,0,-1.0,100.0,1,-1.0,100.0,0,-1.0,100.0,0,-1.0,100.0,0,-1.0,100.0,0,-1.0,100.0,0,-1.0,100.0,1,-1.0,100.0,0,-1.0,100.0,0,-1.0,100.0,0,-1.0,100.0,0,-1.0,100.0,0,-1.0,100.0,1,-1.0,100.0,1,-1.0,100.0,1,-1.0,100.0,1,-1.0,100.0,0,-1.0,100.0,0,-1.0,100.0,0,-1.0,100.0,0,-1.0,100.0
20010400,1,-1.0,100.0,0,-1.0,100.0,1,-1.0,100.0,0,-1.0,100.0,0,-1.0,100.0,1,-1.0,100.0,0,-1.0,100.0,1,-1.0,100.0,1,-1.0,100.0,0,-1.0,100.0,0,-1.0,100.0,1,-1.0,100.0,1,-1.0,100.0,0,-1.0,100.0,0,-1.0,100.0,0,-1.0,100.0,0,-1.0,100.0,1,-1.0,100.0,0,-1.0,100.0,1,-1.0,100.0,0,-1.0,100.0,0,-1.0,100.0,0,-1.0,100.0,0,-1.0,100.0,0,-1.0,100.0
20010500,1,-1.0,100.0,0,-1.0,100.0,1,-1.0,100.0,0,-1.0,100.0,0,-1.0,100.0,1,-1.0,100.0,0,-1.0,100.0,0,-1.0,100.0,1,-1.0,100.0,0,-1.0,100.0,0,-1.0,100.0,1,-1.0,100.0,0,-1.0,100.0,0,-1.0,100.0,0,-1.0,100.0,0,-1.0,100.0,0,-1.0,100.0,1,-1.0,100.0,0,-1.0,100.0,1,-1.0,100.0,0,-1.0,100.0,0,-1.0,100.0,0,-1.0,100.0,0,-1.0,100.0,0,-1.0,100.0
20010600,1,-1.0,100.0,0,-1.0,100.0,0,-1.0,100.0,0,-1.0,100.0,0,-1.0,100.0,1,-1.0,100.0,0,-1.0,100.0,0,-1.0,100.0,1,-1.0,100.0,0,-1.0,100.0,0,-1.0,100.0,1,-1.0,100.0,0,-1.0,100.0,0,-1.0,100.0,0,-1.0,100.0,1,-1.0,100.0,0,-1.0,100.0,1,-1.0,100.0,0,-1.0,100.0,1,-1.0,100.0,1,-1.0,100.0,0,-1.0,100.0,0,-1.0,100.0,0,-1.0,100.0,0,-1.0,100.0
20010601,1,-1.0,100.0,0,-1.0,100.0,1,-1.0,100.0,0,-1.0,100.0,0,-1.0,100.0,1,-1.0,100.0,0,-1.0,100.0,0,-1.0,100.0,1,-1.0,100.0,0,-1.0,100.0,0,-1.0,100.0,1,-1.0,100.0,0,-1.0,100.0,0,-1.0,100.0,0,-1.0,100.0,1,-1.0,100.0,0,-1.0,100.0,0,-1.0,100.0,0,-1.0,100.0,1,-1.0,100.0,1,-1.0,100.0,0,-1.0,100.0,0,-1.0,100.0,0,-1.0,100.0,0,-1.0,100.0
20010700,1,-1.0,100.0,0,-1.0,100.0,0,-1.0,100.0,0,-1.0,100.0,0,-1.0,100.0,1,-1.0,100.0,0,-1.0,100.0,0,-1.0,100.0,1,-1.0,100.0,0,-1.0,100.0,0,-1.0,100.0,1,-1.0,100.0,0,-1.0,100.0,0,-1.0,100.0,0,-1.0,100.0,0,-1.0,100.0,1,-1.0,100.0,1,-1.0,100.0,0,-1.0,100.0,1,-1.0,100.0,0,-1.0,100.0,0,-1.0,100.0,0,-1.0,100.0,0,-1.0,100.0,0,-1.0,100.0
20050000,0,-1.0,100.0,0,-1.0,100.0,0,-1.0,100.0,0,-1.0,100.0,0,-1.0,100.0,0,-1.0,100.0,0,-1.0,100.0,0,-1.0,100.0,0,-1.0,100.0,0,-1.0,100.0,0,-1.0,100.0,0,-1.0,100.0,0,-1.0,100.0,0,-1.0,100.0,0,-1.0,100.0,0,-1.0,100.0,0,-1.0,100.0,0,-1.0,100.0,0,-1.0,100.0,1,80.0,100.0,0,-1.0,100.0,0,-1.0,100.0,0,-1.0,100.0,0,-1.0,100.0,0,-1.0,100.0
20050010,0,-1.0,100.0,0,-1.0,100.0,0,-1.0,100.0,0,-1.0,100.0,0,-1.0,100.0,0,-1.0,100.0,1,150.0,100.0,0,-1.0,100.0,0,-1.0,100.0,0,-1.0,100.0,0,-1.0,100.0,0,-1.0,100.0,0,-1.0,100.0,0,-1.0,100.0,0,-1.0,100.0,0,-1.0,100.0,0,-1.0,100.0,0,-1.0,100.0,0,-1.0,100.0,0,-1.0,100.0,0,-1.0,100.0,0,-1.0,100.0,0,-1.0,100.0,0,-1.0,100.0,0,-1.0,100.0
20050020,0,-1.0,100.0,0,-1.0,100.0,0,-1.0,100.0,0,-1.0,100.0,0,-1.0,100.0,0,-1.0,100.0,0,-1.0,100.0,0,-1.0,100.0,0,-1.0,100.0,0,-1.0,100.0,0,-1.0,100.0,0,-1.0,100.0,0,-1.0,100.0,0,-1.0,100.0,0,-1.0,100.0,0,-1.0,100.0,0,-1.0,100.0,0,-1.0,100.0,0,-1.0,100.0,0,-1.0,100.0,0,-1.0,100.0,0,-1.0,100.0,0,-1.0,100.0,1,100.0,100.0,0,-1.0,100.0
20200620,0,-1.0,100.0,0,-1.0,100.0,1,-1.0,100.0,0,-1.0,100.0,0,-1.0,100.0,0,-1.0,100.0,0,-1.0,100.0,1,-1.0,100.0,0,-1.0,100.0,0,-1.0,100.0,0,-1.0,100.0,0,-1.0,100.0,1,-1.0,100.0,0,-1.0,100.0,0,-1.0,100.0,0,-1.0,100.0,0,-1.0,100.0,1,-1.0,100.0,0,-1.0,100.0,0,-1.0,100.0,0,-1.0,100.0,0,-1.0,100.0,0,-1.0,100.0,0,-1.0,100.0,0,-1.0,100.0
20200680,0,-1.0,100.0,0,-1.0,100.0,1,-1.0,100.0,0,-1.0,100.0,0,-1.0,100.0,0,-1.0,100.0,0,-1.0,100.0,1,-1.0,100.0,0,-1.0,100.0,0,-1.0,100.0,0,-1.0,100.0,0,-1.0,100.0,0,-1.0,100.0,0,-1.0,100.0,0,-1.0,100.0,0,-1.0,100.0,0,-1.0,100.0,1,-1.0,100.0,0,-1.0,100.0,0,-1.0,100.0,0,-1.0,100.0,0,-1.0,100.0,0,-1.0,100.0,0,-1.0,100.0,0,-1.0,100.0
20201700,1,-1.0,100.0,1,-1.0,100.0,0,-1.0,100.0,0,-1.0,100.0,0,-1.0,100.0,0,-1.0,100.0,0,-1.0,100.0,0,-1.0,100.0,0,-1.0,100.0,0,-1.0,100.0,1,-1.0,100.0,1,-1.0,100.0,0,-1.0,100.0,0,-1.0,100.0,0,-1.0,100.0,0,-1.0,100.0,0,-1.0,100.0,0,-1.0,100.0,0,-1.0,100.0,0,-1.0,100.0,1,-1.0,100.0,1,-1.0,100.0,0,-1.0,100.0,0,-1.0,100.0,0,-1.0,100.0
20202031,1,-1.0,100.0,0,-1.0,100.0,0,-1.0,100.0,0,-1.0,100.0,0,-1.0,100.0,0,-1.0,100.0,0,-1.0,100.0,0,-1.0,100.0,0,-1.0,100.0,0,-1.0,100.0,0,-1.0,100.0,0,-1.0,100.0,0,-1.0,100.0,0,-1.0,100.0,0,-1.0,100.0,0,-1.0,100.0,0,-1.0,100.0,0,-1.0,100.0,0,-1.0,100.0,0,-1.0,100.0,0,-1.0,100.0,0,-1.0,100.0,0,-1.0,100.0,0,-1.0,100.0,0,-1.0,100.0
20203001,0,-1.0,100.0,0,-1.0,100.0,0,-1.0,100.0,0,-1.0,100.0,0,-1.0,100.0,0,-1.0,100.0,0,-1.0,100.0,0,-1.0,100.0,0,-1.0,100.0,0,-1.0,100.0,1,-1.0,100.0,0,-1.0,100.0,0,-1.0,100.0,0,-1.0,100.0,0,-1.0,100.0,1,-1.0,100.0,0,-1.0,100.0,0,-1.0,100.0,0,-1.0,100.0,0,-1.0,100.0,1,-1.0,100.0,0,-1.0,100.0,0,-1.0,100.0,0,-1.0,100.0,0,-1.0,100.0
20203190,0,-1.0,100.0,0,-1.0,100.0,0,-1.0,100.0,0,-1.0,100.0,0,-1.0,100.0,0,-1.0,100.0,0,-1.0,100.0,0,-1.0,100.0,0,-1.0,100.0,0,-1.0,100.0,0,-1.0,100.0,0,-1.0,100.0,1,-1.0,100.0,0,-1.0,100.0,0,-1.0,100.0,0,-1.0,100.0,0,-1.0,100.0,1,-1.0,100.0,0,-1.0,100.0,0,-1.0,100.0,0,-1.0,100.0,0,-1.0,100.0,1,-1.0,100.0,0,-1.0,100.0,0,-1.0,100.0
