effect_id,status,reason,reference_count,weapon_ids,weapon_names
415,resolved,,8,24000000|24020000|24040000|24050000|24060000|24070000|24500000|24510000,Beast-Repellent Torch|Ghostflame Torch|Lamenting Visage|Nanaya's Torch|Sentry's Torch|St. Trina's Torch|Steel-Wire Torch|Torch
416,resolved,,1,24070000,Sentry's Torch
460,resolved,,1,24060000,Beast-Repellent Torch
1910,resolved,,1,33090000,Carian Regal Scepter
1911,resolved,,1,33210000,Carian Glintstone Staff
1912,resolved,,1,33170000,Carian Glintblade Staff
1913,resolved,,1,33120000,Digger's Staff
1914,resolved,,2,33040000|33270000,Crystal Staff|Rotten Crystal Staff
1917,resolved,,1,33050000,Gelmir Glintstone Staff
1918,resolved,,1,33260000,Staff of the Guilty
1919,resolved,,1,33180000,Prince of Death's Staff
1920,resolved,,1,33250000,Meteorite Staff
1921,resolved,,1,33280000,Staff of Loss
1922,resolved,,1,34010000,Godslayer's Seal
1923,resolved,,1,34020000,Giant's Seal
1924,resolved,,1,34030000,Gravel Stone Seal
1925,resolved,,1,34040000,Clawmark Seal
1926,resolved,,1,34060000,Golden Order Seal
1927,resolved,,1,34080000,Dragon Communion Seal
1928,resolved,,1,34090000,Frenzied Flame Seal
1933,resolved,,1,33230000,Azur's Glintstone Staff
1934,resolved,,1,33240000,Lusat's Glintstone Staff
1937,resolved,,1,42000000,Lion Greatbow
1938,resolved,,1,41040000,Serpent Bow
1940,resolved,,14,40000000|40010000|40020000|40030000|40050000|40500000|41000000|41010000|41020000|41030000|41040000|41060000|41070000|41510000,Albinauric Bow|Ansbach's Longbow|Black Bow|Bone Bow|Composite Bow|Erdtree Bow|Harp Bow|Horn Bow|Longbow|Misbegotten Shortbow|Pulley Bow|Red Branch Shortbow|Serpent Bow|Shortbow
6400,resolved,,120,11050900|11051000|11051200|11070900|11071000|11071200|13000900|13001000|13001200|13010900|13011000|13011200|13040900|13041000|13041200|14010900|14011000|14011200|16110900|16111000|16111200|16140900|16141000|16141200|16540900|16541000|16541200|20020900|20021000|20021200|21010000|21010100|21010200|21010300|21010400|21010500|21010600|21010700|21010800|21080000|21080100|21080200|21080300|21080400|21080500|21080600|21080700|21080800|22000900|22001000|22001200|22020900|22021000|22021200|22030900|22031000|22031200|22500000|2520000|30190000|30190100|30190200|30190300|30190400|30190500|30190600|30190700|30190800|30190900|30191000|30191200|31010900|31011000|31011200|31020900|31021000|31021200|31170900|31171000|31171200|33260000|64520000|68500000|68500100|68500200|68500300|68500400|68500500|68500600|68500700|68500800|68510000|7080000|7080100|7080200|7080300|7080400|7080500|7080600|7080700|7080800|9000000|9000100|9000200|9000300|9000400|9000500|9000600|9000700|9000800|9010000|9010100|9010200|9010300|9010400|9010500|9010600|9010700|9010800|9500000,Beast Claw|Bloodfiend's Fork|Bloodhound Claws|Chainlink Flail|Claws of Night|Cross-Naginata|Curseblade's Cirque|Flail|Forked Hatchet|Hookclaws|Marred Leather Shield|Marred Wooden Shield|Morning Star|Nagakiba|Nightrider Flail|Raptor Talons|Red Bear's Claw|Scavenger's Curved Sword|Shield of the Guilty|Spiked Caestus|Spiked Club|Spiked Spear|Spiralhorn Shield|Staff of the Guilty|Star Fist|Star-Lined Sword|Sword of Night|Thorned Whip|Uchigatana
6401,resolved,,147,11050000|11050100|11050200|11050300|11050400|11050500|11050600|11050700|11050800|11070000|11070100|11070200|11070300|11070400|11070500|11070600|11070700|11070800|12180900|12181000|12181200|13000000|13000100|13000200|13000300|13000400|13000500|13000600|13000700|13000800|13010000|13010100|13010200|13010300|13010400|13010500|13010600|13010700|13010800|13040000|13040100|13040200|13040300|13040400|13040500|13040600|13040700|13040800|14010000|14010100|14010200|14010300|14010400|14010500|14010600|14010700|14010800|14540000|15020900|15021000|15021200|16110000|16110100|16110200|16110300|16110400|16110500|16110600|16110700|16110800|16130000|16140000|16140100|16140200|16140300|16140400|16140500|16140600|16140700|16140800|16540000|16540100|16540200|16540300|16540400|16540500|16540600|16540700|16540800|18070900|18071000|18071200|19000900|19001000|19001200|19010900|19011000|19011200|20020000|20020100|20020200|20020300|20020400|20020500|20020600|20020700|20020800|3010900|3011000|3011200|3050900|3051000|3051200|31010000|31010100|31010200|31010300|31010400|31010500|31010600|31010700|31010800|31020000|31020100|31020200|31020300|31020400|31020500|31020600|31020700|31020800|31170000|31170100|31170200|31170300|31170400|31170500|31170600|31170700|31170800|66500900|66501000|66501200|9020000|9030000|9040000|9060000,Bloodfiend's Fork|Chainlink Flail|Cross-Naginata|Flail|Flamberge|Forked Greatsword|Forked Hatchet|Forked-Tongue Hatchet|Grave Scythe|Great Katana|Great Omenkiller Cleaver|Great Stars|Hand of Malenia|Inquisitor's Girandole|Marred Leather Shield|Marred Wooden Shield|Meteoric Ore Blade|Moonveil|Morning Star|Nightrider Flail|Rivers of Blood|Scythe|Shield of the Guilty|Spiked Club|Spiked Spear|Thorned Whip|Vulgar Militia Saw
6402,resolved,,85,10050000|12180000|12180100|12180200|12180300|12180400|12180500|12180600|12180700|12180800|15020000|15020100|15020200|15020300|15020400|15020500|15020600|15020700|15020800|16550000|17010000|17520000|18070000|18070100|18070200|18070300|18070400|18070500|18070600|18070700|18070800|19000000|19000100|19000200|19000300|19000400|19000500|19000600|19000700|19000800|19010000|19010100|19010200|19010300|19010400|19010500|19010600|19010700|19010800|19020000|19060000|19500000|3010000|3010100|3010200|3010300|3010400|3010500|3010600|3010700|3010800|3050000|3050100|3050200|3050300|3050400|3050500|3050600|3050700|3050800|3160000|6000000|66500000|66500100|66500200|66500300|66500400|66500500|66500600|66500700|66500800|66510000|66520000|7510000|8030000,Barbed Staff-Spear|Bloodfiend's Sacred Spear|Bloodhound's Fang|Bloody Helice|Dragon-Hunter's Great Katana|Eleonora's Poleblade|Falx|Flamberge|Forked Greatsword|Grave Scythe|Great Katana|Great Omenkiller Cleaver|Great Stars|Halo Scythe|Mohgwyn's Sacred Spear|Obsidian Lamina|Rakshasa's Great Katana|Scythe|Sword of Milos|Vulgar Militia Saw|Winged Scythe
6403,resolved,,27,22000000|22000100|22000200|22000300|22000400|22000500|22000600|22000700|22000800|22020000|22020100|22020200|22020300|22020400|22020500|22020600|22020700|22020800|22030000|22030100|22030200|22030300|22030400|22030500|22030600|22030700|22030800,Bloodhound Claws|Hookclaws|Raptor Talons
6404,resolved,,6,32050900|32051000|32051200|32170900|32171000|32171200,Briar Greatshield|Spiked Palisade Shield
6405,resolved,,19,23100000|32050000|32050100|32050200|32050300|32050400|32050500|32050600|32050700|32050800|32170000|32170100|32170200|32170300|32170400|32170500|32170600|32170700|32170800,Briar Greatshield|Ghiza's Wheel|Spiked Palisade Shield
6406,resolved,,54,1090000|1090100|1090200|1090300|1090400|1090500|1090600|1090700|1090800|1090900|1091000|1091200|1100000|1100100|1100200|1100300|1100400|1100500|1100600|1100700|1100800|1100900|1101000|1101200|1140000|1140100|1140200|1140300|1140400|1140500|1140600|1140700|1140800|1140900|1141000|1141200|21010900|21011000|21011200|21080900|21081000|21081200|68500900|68501000|68501200|7080900|7081000|7081200|9000900|9001000|9001200|9010900|9011000|9011200,Beast Claw|Bloodstained Dagger|Great Knife|Nagakiba|Scavenger's Curved Sword|Spiked Caestus|Star Fist|Uchigatana|Wakizashi
6410,resolved,,4,1040000|20050900|20051000|20051200,Hoslow's Petal Whip|Reduvia
6411,resolved,,9,20050000|20050100|20050200|20050300|20050400|20050500|20050600|20050700|20050800,Hoslow's Petal Whip
6412,resolved,,1,8100000,Morgott's Cursed Sword
6413,resolved,,1,11060000,Varre's Bouquet
6451,resolved,,1,2190000,Sword of St. Trina
6452,resolved,,1,24040000,St. Trina's Torch
6502,resolved,,1,30200000,Coil Shield
6505,resolved,,1,32220000,Ant's Skull Plate
6510,resolved,,1,21520000,Poisoned Hand
6511,resolved,,6,20500000|22010900|22011100|22011200|61540000|9080000,Deadly Poison Perfume Bottle|Serpentbone Blade|Tooth Whip|Venomous Fang
6512,resolved,,9,22010000|22010100|22010200|22010300|22010400|22010500|22010600|22010700|22010800,Venomous Fang
6600,resolved,,7,1080000|2260000|33270000|5040900|5041000|5041100|5041200,Antspur Rapier|Rotten Crystal Staff|Rotten Crystal Sword|Scorpion's Stinger
6601,resolved,,11,16160000|18510000|5040000|5040100|5040200|5040300|5040400|5040500|5040600|5040700|5040800,Antspur Rapier|Poleblade of the Bud|Rotten Crystal Spear
6603,resolved,,26,12210000|12210100|12210200|12210300|12210400|12210500|12210600|12210700|12210800|12210900|12211000|12211100|12211200|23150000|23150100|23150200|23150300|23150400|23150500|23150600|23150700|23150800|23150900|23151000|23151100|23151200,Rotten Battle Hammer|Rotten Greataxe
6605,resolved,,1,23140000,Rotten Staff
6700,resolved,,2,3090000|8500000,Dark Moon Greatsword|Putrescence Cleaver
6701,resolved,,2,5050000|61510000,Chilling Perfume Bottle|Frozen Needle
6702,resolved,,4,14080000|24050000|3200000|8050000,Death's Poker|Ghostflame Torch|Icerind Hatchet|Zamor Curved Sword
6750,resolved,,2,21530000|34090000,Frenzied Flame Seal|Madding Hand
6751,resolved,,1,61520000,Frenzyflame Perfume Bottle
6752,resolved,,2,17050000|24500000,Nanaya's Torch|Vyke's War Spear
6753,resolved,,13,32130000|32130100|32130200|32130300|32130400|32130500|32130600|32130700|32130800|32130900|32131000|32131100|32131200,Fingerprint Stone Shield
18671,resolved,,1,21060000,Grafted Dragon
19870,resolved,,1,10500000,Euporia
19871,resolved,,1,10500000,Euporia
105000,resolved,,111,1001100|1021100|1031100|1061100|11001100|11011100|11031100|11041100|11081100|11091100|11141100|1151100|14001100|14021100|14031100|14041100|14061100|14101100|14111100|14501100|14521100|1501100|1511100|16001100|16011100|16031100|16051100|16061100|16071100|16151100|16501100|16521100|20001100|2001100|20071100|2011100|2021100|2041100|2051100|21001100|21071100|21101100|21511100|21541100|22011100|2211100|2231100|2241100|30001100|30011100|30021100|30031100|30041100|30061100|30071100|30081100|30091100|30101100|30111100|30121100|30131100|30141100|31001100|31031100|31041100|31051100|31071100|31081100|31091100|31101100|31131100|31141100|31191100|31231100|31241100|31251100|31261100|31271100|31281100|31291100|31301100|31311100|31321100|31331100|31341100|31501100|31511100|31521100|5001100|5011100|5021100|5031100|5041100|5061100|60501100|60511100|62501100|62511100|64501100|64511100|67501100|7001100|7011100|7021100|7031100|7041100|7061100|7111100|7121100|7141100|7151100,Albinauric Shield|Antspur Rapier|Backhand Blade|Bandit's Curved Sword|Banished Knight's Shield|Battle Axe|Beast Crest Heater Shield|Beastman's Curved Sword|Beastman's Jar-Shield|Black Leather Shield|Blue Crest Heater Shield|Blue-Gold Kite Shield|Blue-White Wooden Shield|Brass Shield|Broadsword|Buckler|Caestus|Candletree Wooden Shield|Cane Sword|Carian Knight's Shield|Carian Thrusting Shield|Celebrant's Cleaver|Celebrant's Rib-Rake|Celebrant's Sickle|Clayman's Harpoon|Cleanrot Knight's Sword|Club|Curved Club|Dagger|Dane's Footwork|Dryleaf Arts|Dueling Shield|Eclipse Crest Heater Shield|Erdsteel Dagger|Estoc|Falchion|Fire Knight's Shortsword|Flame Crest Wooden Shield|Flowing Curved Sword|Gilded Iron Shield|Golem Fist|Great Turtle Shell|Grossmesser|Hammer|Hand Axe|Hawk Crest Wooden Shield|Heater Shield|Highland Axe|Horse Crest Wooden Shield|Ice Crest Shield|Inverted Hawk Heater Shield|Iron Ball|Iron Cleaver|Iron Roundshield|Iron Spear|Jawbone Axe|Katar|Kite Shield|Large Leather Shield|Longsword|Lordsworn's Straight Sword|Mace|Main-gauche|Man-Serpent's Shield|Mantis Blade|Messmer Soldier Shield|Messmer Soldier's Axe|Milady|Misericorde|Monk's Flamemace|Noble's Estoc|Noble's Slender Sword|Parrying Dagger|Partisan|Pata|Perfumer's Shield|Pike|Pillory Shield|Rapier|Red Crest Heater Shield|Red Thorn Roundshield|Rickety Shield|Rift Shield|Riveted Wooden Shield|Rogier's Rapier|Round Shield|Sacrificial Axe|Scimitar|Scorpion Kite Shield|Scripture Wooden Shield|Serpent Crest Shield|Serpent-God's Curved Sword|Shamshir|Short Spear|Short Sword|Shotel|Smithscript Axe|Smithscript Cirque|Smithscript Spear|Spear|Stone Club|Sun Realm Shield|Swift Spear|Twinbird Kite Shield|Urumi|Venomous Fang|Warhawk's Talon|Warpick|Weathered Straight Sword|Whip|Wolf Crest Shield
105050,resolved,,27,1091100|1101100|11051100|11071100|1141100|13001100|13011100|13041100|14011100|16111100|16141100|16541100|20021100|20051100|21011100|21081100|22001100|22021100|22031100|30191100|31011100|31021100|31171100|68501100|7081100|9001100|9011100,Beast Claw|Bloodfiend's Fork|Bloodhound Claws|Bloodstained Dagger|Chainlink Flail|Cross-Naginata|Flail|Forked Hatchet|Great Knife|Hookclaws|Hoslow's Petal Whip|Marred Leather Shield|Marred Wooden Shield|Morning Star|Nagakiba|Nightrider Flail|Raptor Talons|Scavenger's Curved Sword|Shield of the Guilty|Spiked Caestus|Spiked Club|Spiked Spear|Spiralhorn Shield|Star Fist|Thorned Whip|Uchigatana|Wakizashi
105100,resolved,,51,10001100|10011100|10031100|10081100|10511100|12001100|12011100|12021100|12061100|12081100|12131100|12141100|12191100|12211100|12501100|12521100|15001100|15011100|15031100|15051100|15061100|15081100|15121100|15131100|17061100|17511100|18001100|18011100|18021100|18031100|18051100|18091100|18111100|18131100|18151100|3001100|3021100|3031100|3041100|3081100|3181100|3191100|3521100|6011100|6021100|6501100|8021100|8061100|8071100|8081100|8511100,Banished Knight's Greatsword|Banished Knight's Halberd|Bastard Sword|Battle Hammer|Beastman's Cleaver|Black Steel Greathammer|Black Steel Twinblade|Brick Hammer|Butchering Knife|Celebrant's Skull|Claymore|Crescent Moon Axe|Curved Great Club|Dismounter|Executioner's Greataxe|Freyja's Greatsword|Gargoyle's Great Axe|Gargoyle's Greatsword|Gargoyle's Halberd|Gargoyle's Twinblade|Glaive|Godskin Peeler|Godskin Stitcher|Great Epee|Great Mace|Greataxe|Greathorn Hammer|Guardian's Swordspear|Halberd|Iron Greatsword|Knight's Greatsword|Lance|Large Club|Lizard Greatsword|Longhaft Axe|Lordsworn's Greatsword|Lucerne|Messmer Soldier's Spear|Monk's Flameblade|Nightrider Glaive|Omen Cleaver|Pest's Glaive|Pickaxe|Queelign's Greatsword|Rotten Battle Hammer|Rusted Anchor|Smithscript Greathammer|Twinblade|Twinned Knight Swords|Vulgar Militia Shotel|Warped Axe
105150,resolved,,8,12181100|15021100|18071100|19001100|19011100|3011100|3051100|66501100,Flamberge|Forked Greatsword|Grave Scythe|Great Katana|Great Omenkiller Cleaver|Great Stars|Scythe|Vulgar Militia Saw
105200,resolved,,28,12531100|23001100|23041100|23111100|23121100|23151100|32001100|32021100|32091100|32131100|32191100|32201100|32211100|32231100|32241100|32251100|32261100|32271100|32281100|32291100|32301100|32501100|3501100|4001100|4011100|4031100|4041100|4521100,Black Steel Greatshield|Bloodfiend's Arm|Crossed-Tree Towershield|Cuckoo Greatshield|Distinguished Greatshield|Dragon Towershield|Duelist Greataxe|Eclipse Crest Greatshield|Fingerprint Stone Shield|Fire Knight's Greatsword|Giant-Crusher|Gilded Greatshield|Golden Beast Crest Shield|Golden Greatshield|Golem's Halberd|Greatsword|Haligtree Crest Greatshield|Inverted Hawk Towershield|Lordsworn's Shield|Manor Towershield|Prelate's Inferno Crozier|Redmane Greatshield|Rotten Greataxe|Sword Lance|Troll's Golden Sword|Watchdog's Greatsword|Wooden Greatshield|Zweihander
105250,resolved,,2,32051100|32171100,Briar Greatshield|Spiked Palisade Shield
105300,resolved,,1,63501100,Smithscript Dagger
106000,resolved,,137,1001000|1021000|1031000|1061000|1091000|11001000|1101000|11011000|11031000|11041000|11051000|11071000|11081000|11091000|11141000|1141000|1151000|13001000|13011000|13041000|14001000|14011000|14021000|14031000|14041000|14061000|14101000|14111000|14501000|14521000|1501000|1511000|16001000|16011000|16031000|16051000|16061000|16071000|16111000|16141000|16151000|16501000|16521000|16541000|20001000|2001000|20021000|20051000|20071000|2011000|2021000|2041000|2051000|21001000|21011000|21071000|21081000|21101000|21511000|21541000|22001000|22021000|22031000|2211000|2231000|2241000|30001000|30011000|30021000|30031000|30041000|30061000|30071000|30081000|30091000|30101000|30111000|30121000|30131000|30141000|30191000|31001000|31011000|31021000|31031000|31041000|31051000|31071000|31081000|31091000|31101000|31131000|31141000|31171000|31191000|31231000|31241000|31251000|31261000|31271000|31281000|31291000|31301000|31311000|31321000|31331000|31341000|31501000|31511000|31521000|5001000|5011000|5021000|5031000|5041000|5061000|60501000|60511000|62501000|62511000|64501000|64511000|67501000|68501000|7001000|7011000|7021000|7031000|7041000|7061000|7081000|7111000|7121000|7141000|7151000|9001000|9011000,Albinauric Shield|Antspur Rapier|Backhand Blade|Bandit's Curved Sword|Banished Knight's Shield|Battle Axe|Beast Claw|Beast Crest Heater Shield|Beastman's Curved Sword|Beastman's Jar-Shield|Black Leather Shield|Bloodfiend's Fork|Bloodhound Claws|Bloodstained Dagger|Blue Crest Heater Shield|Blue-Gold Kite Shield|Blue-White Wooden Shield|Brass Shield|Broadsword|Buckler|Caestus|Candletree Wooden Shield|Cane Sword|Carian Knight's Shield|Carian Thrusting Shield|Celebrant's Cleaver|Celebrant's Rib-Rake|Celebrant's Sickle|Chainlink Flail|Clayman's Harpoon|Cleanrot Knight's Sword|Club|Cross-Naginata|Curved Club|Dagger|Dane's Footwork|Dryleaf Arts|Dueling Shield|Eclipse Crest Heater Shield|Erdsteel Dagger|Estoc|Falchion|Fire Knight's Shortsword|Flail|Flame Crest Wooden Shield|Flowing Curved Sword|Forked Hatchet|Gilded Iron Shield|Golem Fist|Great Knife|Great Turtle Shell|Grossmesser|Hammer|Hand Axe|Hawk Crest Wooden Shield|Heater Shield|Highland Axe|Hookclaws|Horse Crest Wooden Shield|Hoslow's Petal Whip|Ice Crest Shield|Inverted Hawk Heater Shield|Iron Ball|Iron Cleaver|Iron Roundshield|Iron Spear|Jawbone Axe|Katar|Kite Shield|Large Leather Shield|Longsword|Lordsworn's Straight Sword|Mace|Main-gauche|Man-Serpent's Shield|Mantis Blade|Marred Leather Shield|Marred Wooden Shield|Messmer Soldier Shield|Messmer Soldier's Axe|Milady|Misericorde|Monk's Flamemace|Morning Star|Nagakiba|Nightrider Flail|Noble's Estoc|Noble's Slender Sword|Parrying Dagger|Partisan|Pata|Perfumer's Shield|Pike|Pillory Shield|Rapier|Raptor Talons|Red Crest Heater Shield|Red Thorn Roundshield|Rickety Shield|Rift Shield|Riveted Wooden Shield|Rogier's Rapier|Round Shield|Sacrificial Axe|Scavenger's Curved Sword|Scimitar|Scorpion Kite Shield|Scripture Wooden Shield|Serpent Crest Shield|Serpent-God's Curved Sword|Shamshir|Shield of the Guilty|Short Spear|Short Sword|Shotel|Smithscript Axe|Smithscript Cirque|Smithscript Spear|Spear|Spiked Caestus|Spiked Club|Spiked Spear|Spiralhorn Shield|Star Fist|Stone Club|Sun Realm Shield|Swift Spear|Thorned Whip|Twinbird Kite Shield|Uchigatana|Urumi|Wakizashi|Warhawk's Talon|Warpick|Weathered Straight Sword|Whip|Wolf Crest Shield
106050,resolved,,1,22011000,Venomous Fang
106100,resolved,,59,10001000|10011000|10031000|10081000|10511000|12001000|12011000|12021000|12061000|12081000|12131000|12141000|12181000|12191000|12211000|12501000|12521000|15001000|15011000|15021000|15031000|15051000|15061000|15081000|15121000|15131000|17061000|17511000|18001000|18011000|18021000|18031000|18051000|18071000|18091000|18111000|18131000|18151000|19001000|19011000|3001000|3011000|3021000|3031000|3041000|3051000|3081000|3181000|3191000|3521000|6011000|6021000|6501000|66501000|8021000|8061000|8071000|8081000|8511000,Banished Knight's Greatsword|Banished Knight's Halberd|Bastard Sword|Battle Hammer|Beastman's Cleaver|Black Steel Greathammer|Black Steel Twinblade|Brick Hammer|Butchering Knife|Celebrant's Skull|Claymore|Crescent Moon Axe|Curved Great Club|Dismounter|Executioner's Greataxe|Flamberge|Forked Greatsword|Freyja's Greatsword|Gargoyle's Great Axe|Gargoyle's Greatsword|Gargoyle's Halberd|Gargoyle's Twinblade|Glaive|Godskin Peeler|Godskin Stitcher|Grave Scythe|Great Epee|Great Katana|Great Mace|Great Omenkiller Cleaver|Great Stars|Greataxe|Greathorn Hammer|Guardian's Swordspear|Halberd|Iron Greatsword|Knight's Greatsword|Lance|Large Club|Lizard Greatsword|Longhaft Axe|Lordsworn's Greatsword|Lucerne|Messmer Soldier's Spear|Monk's Flameblade|Nightrider Glaive|Omen Cleaver|Pest's Glaive|Pickaxe|Queelign's Greatsword|Rotten Battle Hammer|Rusted Anchor|Scythe|Smithscript Greathammer|Twinblade|Twinned Knight Swords|Vulgar Militia Saw|Vulgar Militia Shotel|Warped Axe
106200,resolved,,30,12531000|23001000|23041000|23111000|23121000|23151000|32001000|32021000|32051000|32091000|32131000|32171000|32191000|32201000|32211000|32231000|32241000|32251000|32261000|32271000|32281000|32291000|32301000|32501000|3501000|4001000|4011000|4031000|4041000|4521000,Black Steel Greatshield|Bloodfiend's Arm|Briar Greatshield|Crossed-Tree Towershield|Cuckoo Greatshield|Distinguished Greatshield|Dragon Towershield|Duelist Greataxe|Eclipse Crest Greatshield|Fingerprint Stone Shield|Fire Knight's Greatsword|Giant-Crusher|Gilded Greatshield|Golden Beast Crest Shield|Golden Greatshield|Golem's Halberd|Greatsword|Haligtree Crest Greatshield|Inverted Hawk Towershield|Lordsworn's Shield|Manor Towershield|Prelate's Inferno Crozier|Redmane Greatshield|Rotten Greataxe|Spiked Palisade Shield|Sword Lance|Troll's Golden Sword|Watchdog's Greatsword|Wooden Greatshield|Zweihander
106300,resolved,,1,63501000,Smithscript Dagger
107500,resolved,,138,1000900|1020900|1030900|1060900|1090900|11000900|1100900|11010900|11030900|11040900|11050900|11070900|11080900|11090900|11140900|1140900|1150900|13000900|13010900|13040900|14000900|14010900|14020900|14030900|14040900|14060900|14100900|14110900|14500900|14520900|1500900|1510900|16000900|16010900|16030900|16050900|16060900|16070900|16110900|16140900|16150900|16500900|16520900|16540900|20000900|2000900|20020900|20050900|20070900|2010900|2020900|2040900|2050900|21000900|21010900|21070900|21080900|21100900|21510900|21540900|22000900|22010900|22020900|22030900|2210900|2230900|2240900|30000900|30010900|30020900|30030900|30040900|30060900|30070900|30080900|30090900|30100900|30110900|30120900|30130900|30140900|30190900|31000900|31010900|31020900|31030900|31040900|31050900|31070900|31080900|31090900|31100900|31130900|31140900|31170900|31190900|31230900|31240900|31250900|31260900|31270900|31280900|31290900|31300900|31310900|31320900|31330900|31340900|31500900|31510900|31520900|5000900|5010900|5020900|5030900|5040900|5060900|60500900|60510900|62500900|62510900|64500900|64510900|67500900|68500900|7000900|7010900|7020900|7030900|7040900|7060900|7080900|7110900|7120900|7140900|7150900|9000900|9010900,Albinauric Shield|Antspur Rapier|Backhand Blade|Bandit's Curved Sword|Banished Knight's Shield|Battle Axe|Beast Claw|Beast Crest Heater Shield|Beastman's Curved Sword|Beastman's Jar-Shield|Black Leather Shield|Bloodfiend's Fork|Bloodhound Claws|Bloodstained Dagger|Blue Crest Heater Shield|Blue-Gold Kite Shield|Blue-White Wooden Shield|Brass Shield|Broadsword|Buckler|Caestus|Candletree Wooden Shield|Cane Sword|Carian Knight's Shield|Carian Thrusting Shield|Celebrant's Cleaver|Celebrant's Rib-Rake|Celebrant's Sickle|Chainlink Flail|Clayman's Harpoon|Cleanrot Knight's Sword|Club|Cross-Naginata|Curved Club|Dagger|Dane's Footwork|Dryleaf Arts|Dueling Shield|Eclipse Crest Heater Shield|Erdsteel Dagger|Estoc|Falchion|Fire Knight's Shortsword|Flail|Flame Crest Wooden Shield|Flowing Curved Sword|Forked Hatchet|Gilded Iron Shield|Golem Fist|Great Knife|Great Turtle Shell|Grossmesser|Hammer|Hand Axe|Hawk Crest Wooden Shield|Heater Shield|Highland Axe|Hookclaws|Horse Crest Wooden Shield|Hoslow's Petal Whip|Ice Crest Shield|Inverted Hawk Heater Shield|Iron Ball|Iron Cleaver|Iron Roundshield|Iron Spear|Jawbone Axe|Katar|Kite Shield|Large Leather Shield|Longsword|Lordsworn's Straight Sword|Mace|Main-gauche|Man-Serpent's Shield|Mantis Blade|Marred Leather Shield|Marred Wooden Shield|Messmer Soldier Shield|Messmer Soldier's Axe|Milady|Misericorde|Monk's Flamemace|Morning Star|Nagakiba|Nightrider Flail|Noble's Estoc|Noble's Slender Sword|Parrying Dagger|Partisan|Pata|Perfumer's Shield|Pike|Pillory Shield|Rapier|Raptor Talons|Red Crest Heater Shield|Red Thorn Roundshield|Rickety Shield|Rift Shield|Riveted Wooden Shield|Rogier's Rapier|Round Shield|Sacrificial Axe|Scavenger's Curved Sword|Scimitar|Scorpion Kite Shield|Scripture Wooden Shield|Serpent Crest Shield|Serpent-God's Curved Sword|Shamshir|Shield of the Guilty|Short Spear|Short Sword|Shotel|Smithscript Axe|Smithscript Cirque|Smithscript Spear|Spear|Spiked Caestus|Spiked Club|Spiked Spear|Spiralhorn Shield|Star Fist|Stone Club|Sun Realm Shield|Swift Spear|Thorned Whip|Twinbird Kite Shield|Uchigatana|Urumi|Venomous Fang|Wakizashi|Warhawk's Talon|Warpick|Weathered Straight Sword|Whip|Wolf Crest Shield
107600,resolved,,59,10000900|10010900|10030900|10080900|10510900|12000900|12010900|12020900|12060900|12080900|12130900|12140900|12180900|12190900|12210900|12500900|12520900|15000900|15010900|15020900|15030900|15050900|15060900|15080900|15120900|15130900|17060900|17510900|18000900|18010900|18020900|18030900|18050900|18070900|18090900|18110900|18130900|18150900|19000900|19010900|3000900|3010900|3020900|3030900|3040900|3050900|3080900|3180900|3190900|3520900|6010900|6020900|6500900|66500900|8020900|8060900|8070900|8080900|8510900,Banished Knight's Greatsword|Banished Knight's Halberd|Bastard Sword|Battle Hammer|Beastman's Cleaver|Black Steel Greathammer|Black Steel Twinblade|Brick Hammer|Butchering Knife|Celebrant's Skull|Claymore|Crescent Moon Axe|Curved Great Club|Dismounter|Executioner's Greataxe|Flamberge|Forked Greatsword|Freyja's Greatsword|Gargoyle's Great Axe|Gargoyle's Greatsword|Gargoyle's Halberd|Gargoyle's Twinblade|Glaive|Godskin Peeler|Godskin Stitcher|Grave Scythe|Great Epee|Great Katana|Great Mace|Great Omenkiller Cleaver|Great Stars|Greataxe|Greathorn Hammer|Guardian's Swordspear|Halberd|Iron Greatsword|Knight's Greatsword|Lance|Large Club|Lizard Greatsword|Longhaft Axe|Lordsworn's Greatsword|Lucerne|Messmer Soldier's Spear|Monk's Flameblade|Nightrider Glaive|Omen Cleaver|Pest's Glaive|Pickaxe|Queelign's Greatsword|Rotten Battle Hammer|Rusted Anchor|Scythe|Smithscript Greathammer|Twinblade|Twinned Knight Swords|Vulgar Militia Saw|Vulgar Militia Shotel|Warped Axe
107700,resolved,,30,12530900|23000900|23040900|23110900|23120900|23150900|32000900|32020900|32050900|32090900|32130900|32170900|32190900|32200900|32210900|32230900|32240900|32250900|32260900|32270900|32280900|32290900|32300900|32500900|3500900|4000900|4010900|4030900|4040900|4520900,Black Steel Greatshield|Bloodfiend's Arm|Briar Greatshield|Crossed-Tree Towershield|Cuckoo Greatshield|Distinguished Greatshield|Dragon Towershield|Duelist Greataxe|Eclipse Crest Greatshield|Fingerprint Stone Shield|Fire Knight's Greatsword|Giant-Crusher|Gilded Greatshield|Golden Beast Crest Shield|Golden Greatshield|Golem's Halberd|Greatsword|Haligtree Crest Greatshield|Inverted Hawk Towershield|Lordsworn's Shield|Manor Towershield|Prelate's Inferno Crozier|Redmane Greatshield|Rotten Greataxe|Spiked Palisade Shield|Sword Lance|Troll's Golden Sword|Watchdog's Greatsword|Wooden Greatshield|Zweihander
107800,resolved,,1,63500900,Smithscript Dagger
5010600,resolved,,13,1060000|1060100|1060200|1060300|1060400|1060500|1060600|1060700|1060800|1060900|1061000|1061100|1061200,Celebrant's Sickle
5010601,resolved,,52,1060000|1060100|1060200|1060300|1060400|1060500|1060600|1060700|1060800|1060900|1061000|1061100|1061200|12130000|12130100|12130200|12130300|12130400|12130500|12130600|12130700|12130800|12130900|12131000|12131100|12131200|14060000|14060100|14060200|14060300|14060400|14060500|14060600|14060700|14060800|14060900|14061000|14061100|14061200|16060000|16060100|16060200|16060300|16060400|16060500|16060600|16060700|16060800|16060900|16061000|16061100|16061200,Celebrant's Cleaver|Celebrant's Rib-Rake|Celebrant's Sickle|Celebrant's Skull
5011000,resolved,,1,1110000,Cinquedea
5025300,resolved,,1,2530000,Carian Sorcery Sword
5031400,resolved,,1,3140000,Blasphemous Blade
5031600,resolved,,1,3160000,Sword of Milos
5071100,resolved,,13,7110000|7110100|7110200|7110300|7110400|7110500|7110600|7110700|7110800|7110900|7111000|7111100|7111200,Serpent-God's Curved Sword
5085100,resolved,,13,8510000|8510100|8510200|8510300|8510400|8510500|8510600|8510700|8510800|8510900|8511000|8511100|8511200,Freyja's Greatsword
5120100,resolved,,13,12010000|12010100|12010200|12010300|12010400|12010500|12010600|12010700|12010800|12010900|12011000|12011100|12011200,Greathorn Hammer
5121300,resolved,,13,12130000|12130100|12130200|12130300|12130400|12130500|12130600|12130700|12130800|12130900|12131000|12131100|12131200,Celebrant's Skull
5121800,resolved,,13,12180000|12180100|12180200|12180300|12180400|12180500|12180600|12180700|12180800|12180900|12181000|12181100|12181200,Great Stars
5121801,resolved,,13,12180000|12180100|12180200|12180300|12180400|12180500|12180600|12180700|12180800|12180900|12181000|12181100|12181200,Great Stars
5140600,resolved,,13,14060000|14060100|14060200|14060300|14060400|14060500|14060600|14060700|14060800|14060900|14061000|14061100|14061200,Celebrant's Cleaver
5141000,resolved,,13,14100000|14100100|14100200|14100300|14100400|14100500|14100600|14100700|14100800|14100900|14101000|14101100|14101200,Highland Axe
5141100,resolved,,13,14110000|14110100|14110200|14110300|14110400|14110500|14110600|14110700|14110800|14110900|14111000|14111100|14111200,Sacrificial Axe
5151200,resolved,,14,15120000|15120100|15120200|15120300|15120400|15120500|15120600|15120700|15120800|15120900|15121000|15121100|15121200|15510000,Bonny Butchering Knife|Butchering Knife
5151201,resolved,,14,15120000|15120100|15120200|15120300|15120400|15120500|15120600|15120700|15120800|15120900|15121000|15121100|15121200|15510000,Bonny Butchering Knife|Butchering Knife
5160400,resolved,,1,16040000,Cleanrot Spear
5160600,resolved,,13,16060000|16060100|16060200|16060300|16060400|16060500|16060600|16060700|16060800|16060900|16061000|16061100|16061200,Celebrant's Rib-Rake
5180100,resolved,,13,18010000|18010100|18010200|18010300|18010400|18010500|18010600|18010700|18010800|18010900|18011000|18011100|18011200,Pest's Glaive
5180500,excluded_missing_source,"Referenced by Nightrider Glaive, but absent from the source SpEffectParam; there is no status payload to extract.",13,18050000|18050100|18050200|18050300|18050400|18050500|18050600|18050700|18050800|18050900|18051000|18051100|18051200,Nightrider Glaive
5190100,resolved,,13,19010000|19010100|19010200|19010300|19010400|19010500|19010600|19010700|19010800|19010900|19011000|19011100|19011200,Grave Scythe
5215200,resolved,,1,21520000,Poisoned Hand
5215300,resolved,,1,21530000,Madding Hand
5215500,resolved,,1,21550000,Shield of Night
5220300,excluded_missing_source,"Referenced by Raptor Talons, but absent from the source SpEffectParam; there is no status payload to extract.",13,22030000|22030100|22030200|22030300|22030400|22030500|22030600|22030700|22030800|22030900|22031000|22031100|22031200,Raptor Talons
5245100,excluded_missing_source,"Referenced by Lamenting Visage, but absent from the source SpEffectParam; there is no status payload to extract.",1,24510000,Lamenting Visage
5300100,resolved,,13,30010000|30010100|30010200|30010300|30010400|30010500|30010600|30010700|30010800|30010900|30011000|30011100|30011200,Perfumer's Shield
5300400,resolved,,13,30040000|30040100|30040200|30040300|30040400|30040500|30040600|30040700|30040800|30040900|30041000|30041100|30041200,Pillory Shield
5301100,resolved,,13,30110000|30110100|30110200|30110300|30110400|30110500|30110600|30110700|30110800|30110900|30111000|30111100|30111200,Rift Shield
5301400,resolved,,13,30140000|30140100|30140200|30140300|30140400|30140500|30140600|30140700|30140800|30140900|30141000|30141100|30141200,Ice Crest Shield
5301500,resolved,,1,30150000,Smoldering Shield
5301900,resolved,,13,30190000|30190100|30190200|30190300|30190400|30190500|30190600|30190700|30190800|30190900|30191000|30191100|30191200,Spiralhorn Shield
5302000,resolved,,1,30200000,Coil Shield
5310900,resolved,,13,31090000|31090100|31090200|31090300|31090400|31090500|31090600|31090700|31090800|31090900|31091000|31091100|31091200,Twinbird Kite Shield
5311400,resolved,,13,31140000|31140100|31140200|31140300|31140400|31140500|31140600|31140700|31140800|31140900|31141000|31141100|31141200,Great Turtle Shell
5311700,resolved,,13,31170000|31170100|31170200|31170300|31170400|31170500|31170600|31170700|31170800|31170900|31171000|31171100|31171200,Shield of the Guilty
5321400,resolved,,1,32140000,Icon Shield
5322200,resolved,,1,32220000,Ant's Skull Plate
5322400,resolved,,13,32240000|32240100|32240200|32240300|32240400|32240500|32240600|32240700|32240800|32240900|32241000|32241100|32241200,Eclipse Crest Greatshield
5335200,resolved,,1,33520000,Maternal Staff
5345000,resolved,,1,34500000,Dryleaf Seal
5345100,resolved,,1,34510000,Fire Knight's Seal
5345200,resolved,,1,34520000,Spiraltree Seal
5425000,resolved,,1,42500000,Igon's Greatbow
5665201,resolved,,1,66520000,Rakshasa's Great Katana
20001029,resolved,,1,2510000,Velvet Sword of St. Trina
20001039,resolved,,1,21500000,Thiollier's Hidden Needle
20001900,resolved,,16,21520000|21530000|68500000|68500100|68500200|68500300|68500400|68500500|68500600|68500700|68500800|68500900|68501000|68501100|68501200|68510000,Beast Claw|Madding Hand|Poisoned Hand|Red Bear's Claw
20018694,resolved,,1,2530000,Carian Sorcery Sword
