reinforce_type,level,physical_damage_mult,magic_damage_mult,fire_damage_mult,lightning_damage_mult,holy_damage_mult,str_scaling_mult,dex_scaling_mult,int_scaling_mult,fai_scaling_mult,arc_scaling_mult
0,0,1,1,1,1,1,1,1,1,1,1
0,1,1.058,1.058,1.058,1.058,1.058,1.02,1.02,1.04,1.04,1.04
0,2,1.116,1.116,1.116,1.116,1.116,1.04,1.04,1.08,1.08,1.08
0,3,1.174,1.174,1.174,1.174,1.174,1.06,1.06,1.12,1.12,1.12
0,4,1.232,1.232,1.232,1.232,1.232,1.08,1.08,1.16,1.16,1.16
0,5,1.29,1.29,1.29,1.29,1.29,1.1,1.1,1.2,1.2,1.2
0,6,1.348,1.348,1.348,1.348,1.348,1.12,1.12,1.24,1.24,1.24
0,7,1.406,1.406,1.406,1.406,1.406,1.14,1.14,1.28,1.28,1.28
0,8,1.464,1.464,1.464,1.464,1.464,1.16,1.16,1.32,1.32,1.32
0,9,1.522,1.522,1.522,1.522,1.522,1.18,1.18,1.36,1.36,1.36
0,10,1.58,1.58,1.58,1.58,1.58,1.2,1.2,1.4,1.4,1.4
0,11,1.638,1.638,1.638,1.638,1.638,1.22,1.22,1.43,1.43,1.43
0,12,1.696,1.696,1.696,1.696,1.696,1.24,1.24,1.46,1.46,1.46
0,13,1.754,1.754,1.754,1.754,1.754,1.26,1.26,1.49,1.49,1.49
0,14,1.812,1.812,1.812,1.812,1.812,1.28,1.28,1.52,1.52,1.52
0,15,1.87,1.87,1.87,1.87,1.87,1.3,1.3,1.55,1.55,1.55
0,16,1.928,1.928,1.928,1.928,1.928,1.32,1.32,1.58,1.58,1.58
0,17,1.986,1.986,1.986,1.986,1.986,1.34,1.34,1.61,1.61,1.61
0,18,2.044,2.044,2.044,2.044,2.044,1.36,1.36,1.64,1.64,1.64
0,19,2.102,2.102,2.102,2.102,2.102,1.38,1.38,1.67,1.67,1.67
0,20,2.16,2.16,2.16,2.16,2.16,1.4,1.4,1.7,1.7,1.7
0,21,2.218,2.218,2.218,2.218,2.218,1.42,1.42,1.72,1.72,1.72
0,22,2.276,2.276,2.276,2.276,2.276,1.44,1.44,1.74,1.74,1.74
0,23,2.334,2.334,2.334,2.334,2.334,1.46,1.46,1.76,1.76,1.76
0,24,2.392,2.392,2.392,2.392,2.392,1.48,1.48,1.78,1.78,1.78
0,25,2.45,2.45,2.45,2.45,2.45,1.5,1.5,1.8,1.8,1.8
100,0,0.95,0.95,0.95,0.95,0.95,1.8,0,1,1,1
100,1,1.006,1.006,1.006,1.006,1.006,1.85,0,1.04,1.04,1.04
100,2,1.062,1.062,1.062,1.062,1.062,1.9,0,1.08,1.08,1.08
100,3,1.118,1.118,1.118,1.118,1.118,1.95,0,1.12,1.12,1.12
100,4,1.174,1.174,1.174,1.174,1.174,2,0,1.16,1.16,1.16
100,5,1.23,1.23,1.23,1.23,1.23,2.05,0,1.2,1.2,1.2
100,6,1.286,1.286,1.286,1.286,1.286,2.1,0,1.24,1.24,1.24
100,7,1.342,1.342,1.342,1.342,1.342,2.15,0,1.28,1.28,1.28
100,8,1.398,1.398,1.398,1.398,1.398,2.2,0,1.32,1.32,1.32
100,9,1.454,1.454,1.454,1.454,1.454,2.25,0,1.36,1.36,1.36
100,10,1.51,1.51,1.51,1.51,1.51,2.3,0,1.4,1.4,1.4
100,11,1.566,1.566,1.566,1.566,1.566,2.34,0,1.43,1.43,1.43
100,12,1.622,1.622,1.622,1.622,1.622,2.38,0,1.46,1.46,1.46
100,13,1.678,1.678,1.678,1.678,1.678,2.42,0,1.49,1.49,1.49
100,14,1.734,1.734,1.734,1.734,1.734,2.46,0,1.52,1.52,1.52
100,15,1.79,1.79,1.79,1.79,1.79,2.5,0,1.55,1.55,1.55
100,16,1.846,1.846,1.846,1.846,1.846,2.54,0,1.58,1.58,1.58
100,17,1.902,1.902,1.902,1.902,1.902,2.58,0,1.61,1.61,1.61
100,18,1.958,1.958,1.958,1.958,1.958,2.62,0,1.64,1.64,1.64
100,19,2.014,2.014,2.014,2.014,2.014,2.66,0,1.67,1.67,1.67
100,20,2.07,2.07,2.07,2.07,2.07,2.7,0,1.7,1.7,1.7
100,21,2.126,2.126,2.126,2.126,2.126,2.72,0,1.72,1.72,1.72
100,22,2.182,2.182,2.182,2.182,2.182,2.74,0,1.74,1.74,1.74
100,23,2.238,2.238,2.238,2.238,2.238,2.76,0,1.76,1.76,1.76
100,24,2.294,2.294,2.294,2.294,2.294,2.78,0,1.78,1.78,1.78
100,25,2.35,2.35,2.35,2.35,2.35,2.8,0,1.8,1.8,1.8
200,0,0.95,0.95,0.95,0.95,0.95,0.5,1.8,1,1,1
200,1,1.006,1.006,1.006,1.006,1.006,0.53,1.85,1.04,1.04,1.04
200,2,1.062,1.062,1.062,1.062,1.062,0.56,1.9,1.08,1.08,1.08
200,3,1.118,1.118,1.118,1.118,1.118,0.59,1.95,1.12,1.12,1.12
200,4,1.174,1.174,1.174,1.174,1.174,0.62,2,1.16,1.16,1.16
200,5,1.23,1.23,1.23,1.23,1.23,0.65,2.05,1.2,1.2,1.2
200,6,1.286,1.286,1.286,1.286,1.286,0.68,2.1,1.24,1.24,1.24
200,7,1.342,1.342,1.342,1.342,1.342,0.71,2.15,1.28,1.28,1.28
200,8,1.398,1.398,1.398,1.398,1.398,0.74,2.2,1.32,1.32,1.32
200,9,1.454,1.454,1.454,1.454,1.454,0.77,2.25,1.36,1.36,1.36
200,10,1.51,1.51,1.51,1.51,1.51,0.8,2.3,1.4,1.4,1.4
200,11,1.566,1.566,1.566,1.566,1.566,0.82,2.34,1.43,1.43,1.43
200,12,1.622,1.622,1.622,1.622,1.622,0.84,2.38,1.46,1.46,1.46
200,13,1.678,1.678,1.678,1.678,1.678,0.86,2.42,1.49,1.49,1.49
200,14,1.734,1.734,1.734,1.734,1.734,0.88,2.46,1.52,1.52,1.52
200,15,1.79,1.79,1.79,1.79,1.79,0.9,2.5,1.55,1.55,1.55
200,16,1.846,1.846,1.846,1.846,1.846,0.92,2.54,1.58,1.58,1.58
200,17,1.902,1.902,1.902,1.902,1.902,0.94,2.58,1.61,1.61,1.61
200,18,1.958,1.958,1.958,1.958,1.958,0.96,2.62,1.64,1.64,1.64
200,19,2.014,2.014,2.014,2.014,2.014,0.98,2.66,1.67,1.67,1.67
200,20,2.07,2.07,2.07,2.07,2.07,1,2.7,1.7,1.7,1.7
200,21,2.126,2.126,2.126,2.126,2.126,1.06,2.72,1.72,1.72,1.72
200,22,2.182,2.182,2.182,2.182,2.182,1.12,2.74,1.74,1.74,1.74
200,23,2.238,2.238,2.238,2.238,2.238,1.18,2.76,1.76,1.76,1.76
200,24,2.294,2.294,2.294,2.294,2.294,1.24,2.78,1.78,1.78,1.78
200,25,2.35,2.35,2.35,2.35,2.35,1.3,2.8,1.8,1.8,1.8
300,0,0.9,0.9,0.9,0.9,0.9,1,1,1,1,1
300,1,0.946,0.946,0.946,0.946,0.946,1.05,1.05,1.04,1.04,1.04
300,2,0.992,0.992,0.992,0.992,0.992,1.1,1.1,1.08,1.08,1.08
300,3,1.038,1.038,1.038,1.038,1.038,1.15,1.15,1.12,1.12,1.12
300,4,1.084,1.084,1.084,1.084,1.084,1.2,1.2,1.16,1.16,1.16
300,5,1.13,1.13,1.13,1.13,1.13,1.25,1.25,1.2,1.2,1.2
300,6,1.176,1.176,1.176,1.176,1.176,1.3,1.3,1.24,1.24,1.24
300,7,1.222,1.222,1.222,1.222,1.222,1.35,1.35,1.28,1.28,1.28
300,8,1.268,1.268,1.268,1.268,1.268,1.4,1.4,1.32,1.32,1.32
300,9,1.314,1.314,1.314,1.314,1.314,1.45,1.45,1.36,1.36,1.36
300,10,1.36,1.36,1.36,1.36,1.36,1.5,1.5,1.4,1.4,1.4
300,11,1.406,1.406,1.406,1.406,1.406,1.53,1.53,1.43,1.43,1.43
300,12,1.452,1.452,1.452,1.452,1.452,1.56,1.56,1.46,1.46,1.46
300,13,1.498,1.498,1.498,1.498,1.498,1.59,1.59,1.49,1.49,1.49
300,14,1.544,1.544,1.544,1.544,1.544,1.62,1.62,1.52,1.52,1.52
300,15,1.59,1.59,1.59,1.59,1.59,1.65,1.65,1.55,1.55,1.55
300,16,1.636,1.636,1.636,1.636,1.636,1.68,1.68,1.58,1.58,1.58
300,17,1.682,1.682,1.682,1.682,1.682,1.71,1.71,1.61,1.61,1.61
300,18,1.728,1.728,1.728,1.728,1.728,1.74,1.74,1.64,1.64,1.64
300,19,1.774,1.774,1.774,1.774,1.774,1.77,1.77,1.67,1.67,1.67
300,20,1.82,1.82,1.82,1.82,1.82,1.8,1.8,1.7,1.7,1.7
300,21,1.866,1.866,1.866,1.866,1.866,1.82,1.82,1.72,1.72,1.72
300,22,1.912,1.912,1.912,1.912,1.912,1.84,1.84,1.74,1.74,1.74
300,23,1.958,1.958,1.958,1.958,1.958,1.86,1.86,1.76,1.76,1.76
300,24,2.004,2.004,2.004,2.004,2.004,1.88,1.88,1.78,1.78,1.78
300,25,2.05,2.05,2.05,2.05,2.05,1.9,1.9,1.8,1.8,1.8
400,0,0.8,0.8,0.8,0.8,0.8,1.3,0.5,1,1,1
400,1,0.836,0.836,0.836,0.836,0.836,1.34,0.53,1.04,1.04,1.04
400,2,0.872,0.872,0.872,0.872,0.872,1.38,0.56,1.08,1.08,1.08
400,3,0.908,0.908,0.908,0.908,0.908,1.42,0.59,1.12,1.12,1.12
400,4,0.944,0.944,0.944,0.944,0.944,1.46,0.62,1.16,1.16,1.16
400,5,0.98,0.98,0.98,0.98,0.98,1.5,0.65,1.2,1.2,1.2
400,6,1.016,1.016,1.016,1.016,1.016,1.54,0.68,1.24,1.24,1.24
400,7,1.052,1.052,1.052,1.052,1.052,1.58,0.71,1.28,1.28,1.28
400,8,1.088,1.088,1.088,1.088,1.088,1.62,0.74,1.32,1.32,1.32
400,9,1.124,1.124,1.124,1.124,1.124,1.66,0.77,1.36,1.36,1.36
400,10,1.16,1.16,1.16,1.16,1.16,1.7,0.8,1.4,1.4,1.4
400,11,1.196,1.196,1.196,1.196,1.196,1.73,0.83,1.43,1.43,1.43
400,12,1.232,1.232,1.232,1.232,1.232,1.76,0.86,1.46,1.46,1.46
400,13,1.268,1.268,1.268,1.268,1.268,1.79,0.89,1.49,1.49,1.49
400,14,1.304,1.304,1.304,1.304,1.304,1.82,0.92,1.52,1.52,1.52
400,15,1.34,1.34,1.34,1.34,1.34,1.85,0.95,1.55,1.55,1.55
400,16,1.376,1.376,1.376,1.376,1.376,1.88,0.98,1.58,1.58,1.58
400,17,1.412,1.412,1.412,1.412,1.412,1.91,1.01,1.61,1.61,1.61
400,18,1.448,1.448,1.448,1.448,1.448,1.94,1.04,1.64,1.64,1.64
400,19,1.484,1.484,1.484,1.484,1.484,1.97,1.07,1.67,1.67,1.67
400,20,1.52,1.52,1.52,1.52,1.52,2,1.1,1.7,1.7,1.7
400,21,1.556,1.556,1.556,1.556,1.556,2.02,1.12,1.72,1.72,1.72
400,22,1.592,1.592,1.592,1.592,1.592,2.04,1.14,1.74,1.74,1.74
400,23,1.628,1.628,1.628,1.628,1.628,2.06,1.16,1.76,1.76,1.76
400,24,1.664,1.664,1.664,1.664,1.664,2.08,1.18,1.78,1.78,1.78
400,25,1.7,1.7,1.7,1.7,1.7,2.1,1.2,1.8,1.8,1.8
500,0,0.85,0.85,0.85,0.85,0.85,0.8,0.8,1,1,1
500,1,0.896,0.896,0.896,0.896,0.896,0.85,0.85,1.04,1.07,1.04
500,2,0.942,0.942,0.942,0.942,0.942,0.9,0.9,1.08,1.14,1.08
500,3,0.988,0.988,0.988,0.988,0.988,0.95,0.95,1.12,1.21,1.12
500,4,1.034,1.034,1.034,1.034,1.034,1,1,1.16,1.28,1.16
500,5,1.08,1.08,1.08,1.08,1.08,1.05,1.05,1.2,1.35,1.2
500,6,1.126,1.126,1.126,1.126,1.126,1.1,1.1,1.24,1.42,1.24
500,7,1.172,1.172,1.172,1.172,1.172,1.15,1.15,1.28,1.49,1.28
500,8,1.218,1.218,1.218,1.218,1.218,1.2,1.2,1.32,1.56,1.32
500,9,1.264,1.264,1.264,1.264,1.264,1.25,1.25,1.36,1.63,1.36
500,10,1.31,1.31,1.31,1.31,1.31,1.3,1.3,1.4,1.7,1.4
500,11,1.356,1.356,1.356,1.356,1.356,1.34,1.34,1.43,1.75,1.43
500,12,1.402,1.402,1.402,1.402,1.402,1.38,1.38,1.46,1.8,1.46
500,13,1.448,1.448,1.448,1.448,1.448,1.42,1.42,1.49,1.85,1.49
500,14,1.494,1.494,1.494,1.494,1.494,1.46,1.46,1.52,1.9,1.52
500,15,1.54,1.54,1.54,1.54,1.54,1.5,1.5,1.55,1.95,1.55
500,16,1.586,1.586,1.586,1.586,1.586,1.54,1.54,1.58,2,1.58
500,17,1.632,1.632,1.632,1.632,1.632,1.58,1.58,1.61,2.05,1.61
500,18,1.678,1.678,1.678,1.678,1.678,1.62,1.62,1.64,2.1,1.64
500,19,1.724,1.724,1.724,1.724,1.724,1.66,1.66,1.67,2.15,1.67
500,20,1.77,1.77,1.77,1.77,1.77,1.7,1.7,1.7,2.2,1.7
500,21,1.816,1.816,1.816,1.816,1.816,1.72,1.72,1.72,2.22,1.72
500,22,1.862,1.862,1.862,1.862,1.862,1.74,1.74,1.74,2.24,1.74
500,23,1.908,1.908,1.908,1.908,1.908,1.76,1.76,1.76,2.26,1.76
500,24,1.954,1.954,1.954,1.954,1.954,1.78,1.78,1.78,2.28,1.78
500,25,2,2,2,2,2,1.8,1.8,1.8,2.3,1.8
600,0,0.8,0.8,0.8,0.8,0.8,0.5,1.3,1,1,1
600,1,0.8376,0.8376,0.8376,0.8376,0.8376,0.53,1.34,1.04,1.04,1.04
600,2,0.8752,0.8752,0.8752,0.8752,0.8752,0.56,1.38,1.08,1.08,1.08
600,3,0.9128,0.9128,0.9128,0.9128,0.9128,0.59,1.42,1.12,1.12,1.12
600,4,0.9504,0.9504,0.9504,0.9504,0.9504,0.62,1.46,1.16,1.16,1.16
600,5,0.988,0.988,0.988,0.988,0.988,0.65,1.5,1.2,1.2,1.2
600,6,1.0256,1.0256,1.0256,1.0256,1.0256,0.68,1.54,1.24,1.24,1.24
600,7,1.0632,1.0632,1.0632,1.0632,1.0632,0.71,1.58,1.28,1.28,1.28
600,8,1.1008,1.1008,1.1008,1.1008,1.1008,0.74,1.62,1.32,1.32,1.32
600,9,1.1384,1.1384,1.1384,1.1384,1.1384,0.77,1.66,1.36,1.36,1.36
600,10,1.176,1.176,1.176,1.176,1.176,0.8,1.7,1.4,1.4,1.4
600,11,1.2136,1.2136,1.2136,1.2136,1.2136,0.83,1.73,1.43,1.43,1.43
600,12,1.2512,1.2512,1.2512,1.2512,1.2512,0.86,1.76,1.46,1.46,1.46
600,13,1.2888,1.2888,1.2888,1.2888,1.2888,0.89,1.79,1.49,1.49,1.49
600,14,1.3264,1.3264,1.3264,1.3264,1.3264,0.92,1.82,1.52,1.52,1.52
600,15,1.364,1.364,1.364,1.364,1.364,0.95,1.85,1.55,1.55,1.55
600,16,1.4016,1.4016,1.4016,1.4016,1.4016,0.98,1.88,1.58,1.58,1.58
600,17,1.4392,1.4392,1.4392,1.4392,1.4392,1.01,1.91,1.61,1.61,1.61
600,18,1.4768,1.4768,1.4768,1.4768,1.4768,1.04,1.94,1.64,1.64,1.64
600,19,1.5144,1.5144,1.5144,1.5144,1.5144,1.07,1.97,1.67,1.67,1.67
600,20,1.552,1.552,1.552,1.552,1.552,1.1,2,1.7,1.7,1.7
600,21,1.5896,1.5896,1.5896,1.5896,1.5896,1.12,2.02,1.72,1.72,1.72
600,22,1.6272,1.6272,1.6272,1.6272,1.6272,1.14,2.04,1.74,1.74,1.74
600,23,1.6648,1.6648,1.6648,1.6648,1.6648,1.16,2.06,1.76,1.76,1.76
600,24,1.7024,1.7024,1.7024,1.7024,1.7024,1.18,2.08,1.78,1.78,1.78
600,25,1.74,1.74,1.74,1.74,1.74,1.2,2.1,1.8,1.8,1.8
700,0,0.75,0.75,0.75,0.75,0.75,1,1,1,1,1
700,1,0.8,0.8,0.8,0.8,0.8,1.04,1.04,1.04,1.07,1.04
700,2,0.85,0.85,0.85,0.85,0.85,1.08,1.08,1.08,1.14,1.08
700,3,0.9,0.9,0.9,0.9,0.9,1.12,1.12,1.12,1.21,1.12
700,4,0.95,0.95,0.95,0.95,0.95,1.16,1.16,1.16,1.28,1.16
700,5,1,1,1,1,1,1.2,1.2,1.2,1.35,1.2
700,6,1.05,1.05,1.05,1.05,1.05,1.24,1.24,1.24,1.42,1.24
700,7,1.1,1.1,1.1,1.1,1.1,1.28,1.28,1.28,1.49,1.28
700,8,1.15,1.15,1.15,1.15,1.15,1.32,1.32,1.32,1.56,1.32
700,9,1.2,1.2,1.2,1.2,1.2,1.36,1.36,1.36,1.63,1.36
700,10,1.25,1.25,1.25,1.25,1.25,1.4,1.4,1.4,1.7,1.4
700,11,1.3,1.3,1.3,1.3,1.3,1.43,1.43,1.43,1.75,1.43
700,12,1.35,1.35,1.35,1.35,1.35,1.46,1.46,1.46,1.8,1.46
700,13,1.4,1.4,1.4,1.4,1.4,1.49,1.49,1.49,1.85,1.49
700,14,1.45,1.45,1.45,1.45,1.45,1.52,1.52,1.52,1.9,1.52
700,15,1.5,1.5,1.5,1.5,1.5,1.55,1.55,1.55,1.95,1.55
700,16,1.55,1.55,1.55,1.55,1.55,1.58,1.58,1.58,2,1.58
700,17,1.6,1.6,1.6,1.6,1.6,1.61,1.61,1.61,2.05,1.61
700,18,1.65,1.65,1.65,1.65,1.65,1.64,1.64,1.64,2.1,1.64
700,19,1.7,1.7,1.7,1.7,1.7,1.67,1.67,1.67,2.15,1.67
700,20,1.75,1.75,1.75,1.75,1.75,1.7,1.7,1.7,2.2,1.7
700,21,1.8,1.8,1.8,1.8,1.8,1.72,1.72,1.72,2.22,1.72
700,22,1.85,1.85,1.85,1.85,1.85,1.74,1.74,1.74,2.24,1.74
700,23,1.9,1.9,1.9,1.9,1.9,1.76,1.76,1.76,2.26,1.76
700,24,1.95,1.95,1.95,1.95,1.95,1.78,1.78,1.78,2.28,1.78
700,25,2,2,2,2,2,1.8,1.8,1.8,2.3,1.8
800,0,0.75,0.75,0.75,0.75,0.75,0.8,0.8,1,1,1
800,1,0.8,0.8,0.8,0.8,0.8,0.83,0.83,1.07,1.04,1.04
800,2,0.85,0.85,0.85,0.85,0.85,0.86,0.86,1.14,1.08,1.08
800,3,0.9,0.9,0.9,0.9,0.9,0.89,0.89,1.21,1.12,1.12
800,4,0.95,0.95,0.95,0.95,0.95,0.92,0.92,1.28,1.16,1.16
800,5,1,1,1,1,1,0.95,0.95,1.35,1.2,1.2
800,6,1.05,1.05,1.05,1.05,1.05,0.98,0.98,1.42,1.24,1.24
800,7,1.1,1.1,1.1,1.1,1.1,1.01,1.01,1.49,1.28,1.28
800,8,1.15,1.15,1.15,1.15,1.15,1.04,1.04,1.56,1.32,1.32
800,9,1.2,1.2,1.2,1.2,1.2,1.07,1.07,1.63,1.36,1.36
800,10,1.25,1.25,1.25,1.25,1.25,1.1,1.1,1.7,1.4,1.4
800,11,1.3,1.3,1.3,1.3,1.3,1.11,1.11,1.75,1.43,1.43
800,12,1.35,1.35,1.35,1.35,1.35,1.12,1.12,1.8,1.46,1.46
800,13,1.4,1.4,1.4,1.4,1.4,1.13,1.13,1.85,1.49,1.49
800,14,1.45,1.45,1.45,1.45,1.45,1.14,1.14,1.9,1.52,1.52
800,15,1.5,1.5,1.5,1.5,1.5,1.15,1.15,1.95,1.55,1.55
800,16,1.55,1.55,1.55,1.55,1.55,1.16,1.16,2,1.58,1.58
800,17,1.6,1.6,1.6,1.6,1.6,1.17,1.17,2.05,1.61,1.61
800,18,1.65,1.65,1.65,1.65,1.65,1.18,1.18,2.1,1.64,1.64
800,19,1.7,1.7,1.7,1.7,1.7,1.19,1.19,2.15,1.67,1.67
800,20,1.75,1.75,1.75,1.75,1.75,1.2,1.2,2.2,1.7,1.7
800,21,1.8,1.8,1.8,1.8,1.8,1.22,1.22,2.23,1.72,1.72
800,22,1.85,1.85,1.85,1.85,1.85,1.24,1.24,2.26,1.74,1.74
800,23,1.9,1.9,1.9,1.9,1.9,1.26,1.26,2.29,1.76,1.76
800,24,1.95,1.95,1.95,1.95,1.95,1.28,1.28,2.32,1.78,1.78
800,25,2,2,2,2,2,1.3,1.3,2.35,1.8,1.8
900,0,0.85,0.85,0.85,0.85,0.85,1,1,1,1,1
900,1,0.888,0.888,0.888,0.888,0.888,1.05,1.05,1.05,1.04,1.04
900,2,0.926,0.926,0.926,0.926,0.926,1.1,1.1,1.1,1.08,1.08
900,3,0.964,0.964,0.964,0.964,0.964,1.15,1.15,1.15,1.12,1.12
900,4,1.002,1.002,1.002,1.002,1.002,1.2,1.2,1.2,1.16,1.16
900,5,1.04,1.04,1.04,1.04,1.04,1.25,1.25,1.25,1.2,1.2
900,6,1.078,1.078,1.078,1.078,1.078,1.3,1.3,1.3,1.24,1.24
900,7,1.116,1.116,1.116,1.116,1.116,1.35,1.35,1.35,1.28,1.28
900,8,1.154,1.154,1.154,1.154,1.154,1.4,1.4,1.4,1.32,1.32
900,9,1.192,1.192,1.192,1.192,1.192,1.45,1.45,1.45,1.36,1.36
900,10,1.23,1.23,1.23,1.23,1.23,1.5,1.5,1.5,1.4,1.4
900,11,1.268,1.268,1.268,1.268,1.268,1.53,1.53,1.54,1.43,1.43
900,12,1.306,1.306,1.306,1.306,1.306,1.56,1.56,1.58,1.46,1.46
900,13,1.344,1.344,1.344,1.344,1.344,1.59,1.59,1.62,1.49,1.49
900,14,1.382,1.382,1.382,1.382,1.382,1.62,1.62,1.66,1.52,1.52
900,15,1.42,1.42,1.42,1.42,1.42,1.65,1.65,1.7,1.55,1.55
900,16,1.458,1.458,1.458,1.458,1.458,1.68,1.68,1.74,1.58,1.58
900,17,1.496,1.496,1.496,1.496,1.496,1.71,1.71,1.78,1.61,1.61
900,18,1.534,1.534,1.534,1.534,1.534,1.74,1.74,1.82,1.64,1.64
900,19,1.572,1.572,1.572,1.572,1.572,1.77,1.77,1.86,1.67,1.67
900,20,1.61,1.61,1.61,1.61,1.61,1.8,1.8,1.9,1.7,1.7
900,21,1.648,1.648,1.648,1.648,1.648,1.82,1.82,1.92,1.72,1.72
900,22,1.686,1.686,1.686,1.686,1.686,1.84,1.84,1.94,1.74,1.74
900,23,1.724,1.724,1.724,1.724,1.724,1.86,1.86,1.96,1.76,1.76
900,24,1.762,1.762,1.762,1.762,1.762,1.88,1.88,1.98,1.78,1.78
900,25,1.8,1.8,1.8,1.8,1.8,1.9,1.9,2,1.8,1.8
1000,0,0.85,0.85,0.85,0.85,0.85,1,1,1,1,1
1000,1,0.902,0.902,0.902,0.902,0.902,1.04,1.04,1.04,1.04,1.03
1000,2,0.954,0.954,0.954,0.954,0.954,1.08,1.08,1.08,1.08,1.06
1000,3,1.006,1.006,1.006,1.006,1.006,1.12,1.12,1.12,1.12,1.09
1000,4,1.058,1.058,1.058,1.058,1.058,1.16,1.16,1.16,1.16,1.12
1000,5,1.11,1.11,1.11,1.11,1.11,1.2,1.2,1.2,1.2,1.15
1000,6,1.162,1.162,1.162,1.162,1.162,1.24,1.24,1.24,1.24,1.18
1000,7,1.214,1.214,1.214,1.214,1.214,1.28,1.28,1.28,1.28,1.21
1000,8,1.266,1.266,1.266,1.266,1.266,1.32,1.32,1.32,1.32,1.24
1000,9,1.318,1.318,1.318,1.318,1.318,1.36,1.36,1.36,1.36,1.27
1000,10,1.37,1.37,1.37,1.37,1.37,1.4,1.4,1.4,1.4,1.3
1000,11,1.422,1.422,1.422,1.422,1.422,1.43,1.43,1.43,1.43,1.31
1000,12,1.474,1.474,1.474,1.474,1.474,1.46,1.46,1.46,1.46,1.32
1000,13,1.526,1.526,1.526,1.526,1.526,1.49,1.49,1.49,1.49,1.33
1000,14,1.578,1.578,1.578,1.578,1.578,1.52,1.52,1.52,1.52,1.34
1000,15,1.63,1.63,1.63,1.63,1.63,1.55,1.55,1.55,1.55,1.35
1000,16,1.682,1.682,1.682,1.682,1.682,1.58,1.58,1.58,1.58,1.36
1000,17,1.734,1.734,1.734,1.734,1.734,1.61,1.61,1.61,1.61,1.37
1000,18,1.786,1.786,1.786,1.786,1.786,1.64,1.64,1.64,1.64,1.38
1000,19,1.838,1.838,1.838,1.838,1.838,1.67,1.67,1.67,1.67,1.39
1000,20,1.89,1.89,1.89,1.89,1.89,1.7,1.7,1.7,1.7,1.4
1000,21,1.942,1.942,1.942,1.942,1.942,1.74,1.74,1.74,1.74,1.41
1000,22,1.994,1.994,1.994,1.994,1.994,1.78,1.78,1.78,1.78,1.42
1000,23,2.046,2.046,2.046,2.046,2.046,1.82,1.82,1.82,1.82,1.43
1000,24,2.098,2.098,2.098,2.098,2.098,1.86,1.86,1.86,1.86,1.44
1000,25,2.15,2.15,2.15,2.15,2.15,1.9,1.9,1.9,1.9,1.45
1100,0,0.85,0.85,0.85,0.85,0.85,1,1,1,1,1
1100,1,0.902,0.902,0.902,0.902,0.902,1.04,1.04,1.04,1.04,1.03
1100,2,0.954,0.954,0.954,0.954,0.954,1.08,1.08,1.08,1.08,1.06
1100,3,1.006,1.006,1.006,1.006,1.006,1.12,1.12,1.12,1.12,1.09
1100,4,1.058,1.058,1.058,1.058,1.058,1.16,1.16,1.16,1.16,1.12
1100,5,1.11,1.11,1.11,1.11,1.11,1.2,1.2,1.2,1.2,1.15
1100,6,1.162,1.162,1.162,1.162,1.162,1.24,1.24,1.24,1.24,1.18
1100,7,1.214,1.214,1.214,1.214,1.214,1.28,1.28,1.28,1.28,1.21
1100,8,1.266,1.266,1.266,1.266,1.266,1.32,1.32,1.32,1.32,1.24
1100,9,1.318,1.318,1.318,1.318,1.318,1.36,1.36,1.36,1.36,1.27
1100,10,1.37,1.37,1.37,1.37,1.37,1.4,1.4,1.4,1.4,1.3
1100,11,1.422,1.422,1.422,1.422,1.422,1.43,1.43,1.43,1.43,1.31
1100,12,1.474,1.474,1.474,1.474,1.474,1.46,1.46,1.46,1.46,1.32
1100,13,1.526,1.526,1.526,1.526,1.526,1.49,1.49,1.49,1.49,1.33
1100,14,1.578,1.578,1.578,1.578,1.578,1.52,1.52,1.52,1.52,1.34
1100,15,1.63,1.63,1.63,1.63,1.63,1.55,1.55,1.55,1.55,1.35
1100,16,1.682,1.682,1.682,1.682,1.682,1.58,1.58,1.58,1.58,1.36
1100,17,1.734,1.734,1.734,1.734,1.734,1.61,1.61,1.61,1.61,1.37
1100,18,1.786,1.786,1.786,1.786,1.786,1.64,1.64,1.64,1.64,1.38
1100,19,1.838,1.838,1.838,1.838,1.838,1.67,1.67,1.67,1.67,1.39
1100,20,1.89,1.89,1.89,1.89,1.89,1.7,1.7,1.7,1.7,1.4
1100,21,1.942,1.942,1.942,1.942,1.942,1.74,1.74,1.74,1.74,1.41
1100,22,1.994,1.994,1.994,1.994,1.994,1.78,1.78,1.78,1.78,1.42
1100,23,2.046,2.046,2.046,2.046,2.046,1.82,1.82,1.82,1.82,1.43
1100,24,2.098,2.098,2.098,2.098,2.098,1.86,1.86,1.86,1.86,1.44
1100,25,2.15,2.15,2.15,2.15,2.15,1.9,1.9,1.9,1.9,1.45
1200,0,0.9,0.9,0.9,0.9,0.9,0.8,0.8,0.8,0.8,1
1200,1,0.954,0.954,0.954,0.954,0.954,0.84,0.84,0.84,0.84,1.04
1200,2,1.008,1.008,1.008,1.008,1.008,0.88,0.88,0.88,0.88,1.08
1200,3,1.062,1.062,1.062,1.062,1.062,0.92,0.92,0.92,0.92,1.12
1200,4,1.116,1.116,1.116,1.116,1.116,0.96,0.96,0.96,0.96,1.16
1200,5,1.17,1.17,1.17,1.17,1.17,1,1,1,1,1.2
1200,6,1.224,1.224,1.224,1.224,1.224,1.04,1.04,1.04,1.04,1.24
1200,7,1.278,1.278,1.278,1.278,1.278,1.08,1.08,1.08,1.08,1.28
1200,8,1.332,1.332,1.332,1.332,1.332,1.12,1.12,1.12,1.12,1.32
1200,9,1.386,1.386,1.386,1.386,1.386,1.16,1.16,1.16,1.16,1.36
1200,10,1.44,1.44,1.44,1.44,1.44,1.2,1.2,1.2,1.2,1.4
1200,11,1.494,1.494,1.494,1.494,1.494,1.22,1.22,1.22,1.22,1.43
1200,12,1.548,1.548,1.548,1.548,1.548,1.24,1.24,1.24,1.24,1.46
1200,13,1.602,1.602,1.602,1.602,1.602,1.26,1.26,1.26,1.26,1.49
1200,14,1.656,1.656,1.656,1.656,1.656,1.28,1.28,1.28,1.28,1.52
1200,15,1.71,1.71,1.71,1.71,1.71,1.3,1.3,1.3,1.3,1.55
1200,16,1.764,1.764,1.764,1.764,1.764,1.32,1.32,1.32,1.32,1.58
1200,17,1.818,1.818,1.818,1.818,1.818,1.34,1.34,1.34,1.34,1.61
1200,18,1.872,1.872,1.872,1.872,1.872,1.36,1.36,1.36,1.36,1.64
1200,19,1.926,1.926,1.926,1.926,1.926,1.38,1.38,1.38,1.38,1.67
1200,20,1.98,1.98,1.98,1.98,1.98,1.4,1.4,1.4,1.4,1.7
1200,21,2.034,2.034,2.034,2.034,2.034,1.42,1.42,1.42,1.42,1.72
1200,22,2.088,2.088,2.088,2.088,2.088,1.44,1.44,1.44,1.44,1.74
1200,23,2.142,2.142,2.142,2.142,2.142,1.46,1.46,1.46,1.46,1.76
1200,24,2.196,2.196,2.196,2.196,2.196,1.48,1.48,1.48,1.48,1.78
1200,25,2.25,2.25,2.25,2.25,2.25,1.5,1.5,1.5,1.5,1.8
1300,0,1,1,1,1,1,1,1,1,1,1
1300,1,1.06,1.06,1.058,1.058,1.058,1.02,1.02,1.12,1.07,1.07
1300,2,1.12,1.12,1.116,1.116,1.116,1.04,1.04,1.24,1.14,1.14
1300,3,1.18,1.18,1.174,1.174,1.174,1.06,1.06,1.36,1.21,1.21
1300,4,1.24,1.24,1.232,1.232,1.232,1.08,1.08,1.48,1.28,1.28
1300,5,1.3,1.3,1.29,1.29,1.29,1.1,1.1,1.6,1.35,1.35
1300,6,1.36,1.36,1.348,1.348,1.348,1.12,1.12,1.72,1.42,1.42
1300,7,1.42,1.42,1.406,1.406,1.406,1.14,1.14,1.84,1.49,1.49
1300,8,1.48,1.48,1.464,1.464,1.464,1.16,1.16,1.96,1.56,1.56
1300,9,1.54,1.54,1.522,1.522,1.522,1.18,1.18,2.08,1.63,1.63
1300,10,1.6,1.6,1.58,1.58,1.58,1.2,1.2,2.2,1.7,1.7
1300,11,1.625,1.625,1.638,1.638,1.638,1.22,1.22,2.32,1.76,1.76
1300,12,1.65,1.65,1.696,1.696,1.696,1.24,1.24,2.44,1.82,1.82
1300,13,1.675,1.675,1.754,1.754,1.754,1.26,1.26,2.56,1.88,1.88
1300,14,1.7,1.7,1.812,1.812,1.812,1.28,1.28,2.68,1.94,1.94
1300,15,1.725,1.725,1.87,1.87,1.87,1.3,1.3,2.8,2,2
1300,16,1.75,1.75,1.928,1.928,1.928,1.32,1.32,2.92,2.06,2.06
1300,17,1.775,1.775,1.986,1.986,1.986,1.34,1.34,3.04,2.12,2.12
1300,18,1.8,1.8,2.044,2.044,2.044,1.36,1.36,3.16,2.18,2.18
1300,19,1.825,1.825,2.102,2.102,2.102,1.38,1.38,3.28,2.24,2.24
1300,20,1.85,1.85,2.16,2.16,2.16,1.4,1.4,3.4,2.3,2.3
1300,21,1.86,1.86,2.218,2.218,2.218,1.42,1.42,3.58,2.32,2.32
1300,22,1.87,1.87,2.276,2.276,2.276,1.44,1.44,3.76,2.34,2.34
1300,23,1.88,1.88,2.334,2.334,2.334,1.46,1.46,3.94,2.36,2.36
1300,24,1.89,1.89,2.392,2.392,2.392,1.48,1.48,4.12,2.38,2.38
1300,25,1.9,1.9,2.45,2.45,2.45,1.5,1.5,4.3,2.4,2.4
1600,0,1,1,1,1,1,1,1,1,1,1
1600,1,1.03,1.03,1.03,1.03,1.03,1.03,1.03,1.03,1.03,1.03
1600,2,1.06,1.06,1.06,1.06,1.06,1.06,1.06,1.06,1.06,1.06
1600,3,1.09,1.09,1.09,1.09,1.09,1.09,1.09,1.09,1.09,1.09
1600,4,1.12,1.12,1.12,1.12,1.12,1.12,1.12,1.12,1.12,1.12
1600,5,1.15,1.15,1.15,1.15,1.15,1.15,1.15,1.15,1.15,1.15
1600,6,1.18,1.18,1.18,1.18,1.18,1.18,1.18,1.18,1.18,1.18
1600,7,1.21,1.21,1.21,1.21,1.21,1.21,1.21,1.21,1.21,1.21
1600,8,1.24,1.24,1.24,1.24,1.24,1.24,1.24,1.24,1.24,1.24
1600,9,1.27,1.27,1.27,1.27,1.27,1.27,1.27,1.27,1.27,1.27
1600,10,1.3,1.3,1.3,1.3,1.3,1.2,1.2,1.2,1.2,1.2
1600,11,1.33,1.33,1.33,1.33,1.33,1.22,1.22,1.22,1.22,1.22
1600,12,1.36,1.36,1.36,1.36,1.36,1.24,1.24,1.24,1.24,1.24
1600,13,1.39,1.39,1.39,1.39,1.39,1.26,1.26,1.26,1.26,1.26
1600,14,1.42,1.42,1.42,1.42,1.42,1.28,1.28,1.28,1.28,1.28
1600,15,1.45,1.45,1.45,1.45,1.45,1.3,1.3,1.3,1.3,1.3
1600,16,1.48,1.48,1.48,1.48,1.48,1.31,1.31,1.31,1.31,1.31
1600,17,1.51,1.51,1.51,1.51,1.51,1.32,1.32,1.32,1.32,1.32
1600,18,1.54,1.54,1.54,1.54,1.54,1.33,1.33,1.33,1.33,1.33
1600,19,1.57,1.57,1.57,1.57,1.57,1.34,1.34,1.34,1.34,1.34
1600,20,1.6,1.6,1.6,1.6,1.6,1.35,1.35,1.35,1.35,1.35
1600,21,1.63,1.63,1.63,1.63,1.63,1.36,1.36,1.36,1.36,1.36
1600,22,1.66,1.66,1.66,1.66,1.66,1.37,1.37,1.37,1.37,1.37
1600,23,1.69,1.69,1.69,1.69,1.69,1.38,1.38,1.38,1.38,1.38
1600,24,1.72,1.72,1.72,1.72,1.72,1.39,1.39,1.39,1.39,1.39
1600,25,1.75,1.75,1.75,1.75,1.75,1.4,1.4,1.4,1.4,1.4
1700,0,1,1,1,1,1,1,1,1,1,1
1700,1,1.03,1.03,1.03,1.03,1.03,1.01,1.01,1.01,1.01,1.01
1700,2,1.06,1.06,1.06,1.06,1.06,1.02,1.02,1.02,1.02,1.02
1700,3,1.09,1.09,1.09,1.09,1.09,1.03,1.03,1.03,1.03,1.03
1700,4,1.12,1.12,1.12,1.12,1.12,1.04,1.04,1.04,1.04,1.04
1700,5,1.15,1.15,1.15,1.15,1.15,1.05,1.05,1.05,1.05,1.05
1700,6,1.18,1.18,1.18,1.18,1.18,1.06,1.06,1.06,1.06,1.06
1700,7,1.21,1.21,1.21,1.21,1.21,1.07,1.07,1.07,1.07,1.07
1700,8,1.24,1.24,1.24,1.24,1.24,1.08,1.08,1.08,1.08,1.08
1700,9,1.27,1.27,1.27,1.27,1.27,1.09,1.09,1.09,1.09,1.09
1700,10,1.3,1.3,1.3,1.3,1.3,1.1,1.1,1.1,1.1,1.1
1700,11,1.33,1.33,1.33,1.33,1.33,1.11,1.11,1.11,1.11,1.11
1700,12,1.36,1.36,1.36,1.36,1.36,1.12,1.12,1.12,1.12,1.12
1700,13,1.39,1.39,1.39,1.39,1.39,1.13,1.13,1.13,1.13,1.13
1700,14,1.42,1.42,1.42,1.42,1.42,1.14,1.14,1.14,1.14,1.14
1700,15,1.45,1.45,1.45,1.45,1.45,1.15,1.15,1.15,1.15,1.15
1700,16,1.48,1.48,1.48,1.48,1.48,1.16,1.16,1.16,1.16,1.16
1700,17,1.51,1.51,1.51,1.51,1.51,1.17,1.17,1.17,1.17,1.17
1700,18,1.54,1.54,1.54,1.54,1.54,1.18,1.18,1.18,1.18,1.18
1700,19,1.57,1.57,1.57,1.57,1.57,1.19,1.19,1.19,1.19,1.19
1700,20,1.6,1.6,1.6,1.6,1.6,1.2,1.2,1.2,1.2,1.2
1700,21,1.63,1.63,1.63,1.63,1.63,1.21,1.21,1.21,1.21,1.21
1700,22,1.66,1.66,1.66,1.66,1.66,1.22,1.22,1.22,1.22,1.22
1700,23,1.69,1.69,1.69,1.69,1.69,1.23,1.23,1.23,1.23,1.23
1700,24,1.72,1.72,1.72,1.72,1.72,1.24,1.24,1.24,1.24,1.24
1700,25,1.75,1.75,1.75,1.75,1.75,1.25,1.25,1.25,1.25,1.25
1800,0,1,1,1,1,1,1,1,1,1,1
1800,1,1.03,1.03,1.03,1.03,1.03,1.03,1.03,1.03,1.03,1.03
1800,2,1.06,1.06,1.06,1.06,1.06,1.06,1.06,1.06,1.06,1.06
1800,3,1.09,1.09,1.09,1.09,1.09,1.09,1.09,1.09,1.09,1.09
1800,4,1.12,1.12,1.12,1.12,1.12,1.12,1.12,1.12,1.12,1.12
1800,5,1.15,1.15,1.15,1.15,1.15,1.15,1.15,1.15,1.15,1.15
1800,6,1.18,1.18,1.18,1.18,1.18,1.18,1.18,1.18,1.18,1.18
1800,7,1.21,1.21,1.21,1.21,1.21,1.21,1.21,1.21,1.21,1.21
1800,8,1.24,1.24,1.24,1.24,1.24,1.24,1.24,1.24,1.24,1.24
1800,9,1.27,1.27,1.27,1.27,1.27,1.27,1.27,1.27,1.27,1.27
1800,10,1.3,1.3,1.3,1.3,1.3,1.3,1.3,1.3,1.3,1.3
1800,11,1.33,1.33,1.33,1.33,1.33,1.32,1.32,1.32,1.32,1.32
1800,12,1.36,1.36,1.36,1.36,1.36,1.34,1.34,1.34,1.34,1.34
1800,13,1.39,1.39,1.39,1.39,1.39,1.36,1.36,1.36,1.36,1.36
1800,14,1.42,1.42,1.42,1.42,1.42,1.38,1.38,1.38,1.38,1.38
1800,15,1.45,1.45,1.45,1.45,1.45,1.4,1.4,1.4,1.4,1.4
1800,16,1.48,1.48,1.48,1.48,1.48,1.42,1.42,1.42,1.42,1.42
1800,17,1.51,1.51,1.51,1.51,1.51,1.44,1.44,1.44,1.44,1.44
1800,18,1.54,1.54,1.54,1.54,1.54,1.46,1.46,1.46,1.46,1.46
1800,19,1.57,1.57,1.57,1.57,1.57,1.48,1.48,1.48,1.48,1.48
1800,20,1.6,1.6,1.6,1.6,1.6,1.5,1.5,1.5,1.5,1.5
1800,21,1.63,1.63,1.63,1.63,1.63,1.52,1.52,1.52,1.52,1.52
1800,22,1.66,1.66,1.66,1.66,1.66,1.54,1.54,1.54,1.54,1.54
1800,23,1.69,1.69,1.69,1.69,1.69,1.56,1.56,1.56,1.56,1.56
1800,24,1.72,1.72,1.72,1.72,1.72,1.58,1.58,1.58,1.58,1.58
1800,25,1.75,1.75,1.75,1.75,1.75,1.6,1.6,1.6,1.6,1.6
1900,0,1,1,1,1,1,1,1,1,1,1
1900,1,1.03,1.03,1.03,1.03,1.03,1.08,1.08,1.08,1.08,1.08
1900,2,1.06,1.06,1.06,1.06,1.06,1.16,1.16,1.16,1.16,1.16
1900,3,1.09,1.09,1.09,1.09,1.09,1.24,1.24,1.24,1.24,1.24
1900,4,1.12,1.12,1.12,1.12,1.12,1.32,1.32,1.32,1.32,1.32
1900,5,1.15,1.15,1.15,1.15,1.15,1.4,1.4,1.4,1.4,1.4
1900,6,1.18,1.18,1.18,1.18,1.18,1.48,1.48,1.48,1.48,1.48
1900,7,1.21,1.21,1.21,1.21,1.21,1.56,1.56,1.56,1.56,1.56
1900,8,1.24,1.24,1.24,1.24,1.24,1.64,1.64,1.64,1.64,1.64
1900,9,1.27,1.27,1.27,1.27,1.27,1.72,1.72,1.72,1.72,1.72
1900,10,1.3,1.3,1.3,1.3,1.3,1.8,1.8,1.8,1.8,1.8
1900,11,1.33,1.33,1.33,1.33,1.33,1.88,1.88,1.88,1.88,1.88
1900,12,1.36,1.36,1.36,1.36,1.36,1.96,1.96,1.96,1.96,1.96
1900,13,1.39,1.39,1.39,1.39,1.39,2.04,2.04,2.04,2.04,2.04
1900,14,1.42,1.42,1.42,1.42,1.42,2.12,2.12,2.12,2.12,2.12
1900,15,1.45,1.45,1.45,1.45,1.45,2.2,2.2,2.2,2.2,2.2
1900,16,1.48,1.48,1.48,1.48,1.48,2.28,2.28,2.28,2.28,2.28
1900,17,1.51,1.51,1.51,1.51,1.51,2.36,2.36,2.36,2.36,2.36
1900,18,1.54,1.54,1.54,1.54,1.54,2.44,2.44,2.44,2.44,2.44
1900,19,1.57,1.57,1.57,1.57,1.57,2.52,2.52,2.52,2.52,2.52
1900,20,1.6,1.6,1.6,1.6,1.6,2.6,2.6,2.6,2.6,2.6
1900,21,1.63,1.63,1.63,1.63,1.63,2.68,2.68,2.68,2.68,2.68
1900,22,1.66,1.66,1.66,1.66,1.66,2.76,2.76,2.76,2.76,2.76
1900,23,1.69,1.69,1.69,1.69,1.69,2.84,2.84,2.84,2.84,2.84
1900,24,1.72,1.72,1.72,1.72,1.72,2.92,2.92,2.92,2.92,2.92
1900,25,1.75,1.75,1.75,1.75,1.75,3,3,3,3,3
2000,0,1,1,1,1,1,1,1,1,1,1
2000,1,1.03,1.03,1.03,1.03,1.03,1.05,1.05,1.05,1.05,1.05
2000,2,1.06,1.06,1.06,1.06,1.06,1.1,1.1,1.1,1.1,1.1
2000,3,1.09,1.09,1.09,1.09,1.09,1.15,1.15,1.15,1.15,1.15
2000,4,1.12,1.12,1.12,1.12,1.12,1.2,1.2,1.2,1.2,1.2
2000,5,1.15,1.15,1.15,1.15,1.15,1.25,1.25,1.25,1.25,1.25
2000,6,1.18,1.18,1.18,1.18,1.18,1.3,1.3,1.3,1.3,1.3
2000,7,1.21,1.21,1.21,1.21,1.21,1.35,1.35,1.35,1.35,1.35
2000,8,1.24,1.24,1.24,1.24,1.24,1.4,1.4,1.4,1.4,1.4
2000,9,1.27,1.27,1.27,1.27,1.27,1.43,1.43,1.43,1.43,1.43
2000,10,1.3,1.3,1.3,1.3,1.3,1.45,1.45,1.45,1.45,1.45
2000,11,1.33,1.33,1.33,1.33,1.33,1.47,1.47,1.47,1.47,1.47
2000,12,1.36,1.36,1.36,1.36,1.36,1.49,1.49,1.49,1.49,1.49
2000,13,1.39,1.39,1.39,1.39,1.39,1.51,1.51,1.51,1.51,1.51
2000,14,1.42,1.42,1.42,1.42,1.42,1.53,1.53,1.53,1.53,1.53
2000,15,1.45,1.45,1.45,1.45,1.45,1.55,1.55,1.55,1.55,1.55
2000,16,1.48,1.48,1.48,1.48,1.48,1.57,1.57,1.57,1.57,1.57
2000,17,1.51,1.51,1.51,1.51,1.51,1.59,1.59,1.59,1.59,1.59
2000,18,1.54,1.54,1.54,1.54,1.54,1.6,1.6,1.6,1.6,1.6
2000,19,1.57,1.57,1.57,1.57,1.57,1.62,1.62,1.62,1.62,1.62
2000,20,1.6,1.6,1.6,1.6,1.6,1.64,1.64,1.64,1.64,1.64
2000,21,1.63,1.63,1.63,1.63,1.63,1.65,1.65,1.65,1.65,1.65
2000,22,1.66,1.66,1.66,1.66,1.66,1.66,1.66,1.66,1.66,1.66
2000,23,1.69,1.69,1.69,1.69,1.69,1.67,1.67,1.67,1.67,1.67
2000,24,1.72,1.72,1.72,1.72,1.72,1.68,1.68,1.68,1.68,1.68
2000,25,1.75,1.75,1.75,1.75,1.75,1.69,1.69,1.69,1.69,1.69
2100,0,1,1,1,1,1,1,1,1,1,1
2100,1,1.03,1.03,1.03,1.03,1.03,1.07,1.07,1.07,1.07,1.07
2100,2,1.06,1.06,1.06,1.06,1.06,1.14,1.14,1.14,1.14,1.14
2100,3,1.09,1.09,1.09,1.09,1.09,1.21,1.21,1.21,1.21,1.21
2100,4,1.12,1.12,1.12,1.12,1.12,1.28,1.28,1.28,1.28,1.28
2100,5,1.15,1.15,1.15,1.15,1.15,1.35,1.35,1.35,1.35,1.35
2100,6,1.18,1.18,1.18,1.18,1.18,1.42,1.42,1.42,1.42,1.42
2100,7,1.21,1.21,1.21,1.21,1.21,1.49,1.49,1.49,1.49,1.49
2100,8,1.24,1.24,1.24,1.24,1.24,1.56,1.56,1.56,1.56,1.56
2100,9,1.27,1.27,1.27,1.27,1.27,1.63,1.63,1.63,1.63,1.63
2100,10,1.3,1.3,1.3,1.3,1.3,1.7,1.7,1.7,1.7,1.7
2100,11,1.33,1.33,1.33,1.33,1.33,1.73,1.73,1.73,1.73,1.73
2100,12,1.36,1.36,1.36,1.36,1.36,1.76,1.76,1.76,1.76,1.76
2100,13,1.39,1.39,1.39,1.39,1.39,1.79,1.79,1.79,1.79,1.79
2100,14,1.42,1.42,1.42,1.42,1.42,1.82,1.82,1.82,1.82,1.82
2100,15,1.45,1.45,1.45,1.45,1.45,1.85,1.85,1.85,1.85,1.85
2100,16,1.48,1.48,1.48,1.48,1.48,1.88,1.88,1.88,1.88,1.88
2100,17,1.51,1.51,1.51,1.51,1.51,1.91,1.91,1.91,1.91,1.91
2100,18,1.54,1.54,1.54,1.54,1.54,1.94,1.94,1.94,1.94,1.94
2100,19,1.57,1.57,1.57,1.57,1.57,1.97,1.97,1.97,1.97,1.97
2100,20,1.6,1.6,1.6,1.6,1.6,2,2,2,2,2
2100,21,1.63,1.63,1.63,1.63,1.63,2.02,2.02,2.02,2.02,2.02
2100,22,1.66,1.66,1.66,1.66,1.66,2.04,2.04,2.04,2.04,2.04
2100,23,1.69,1.69,1.69,1.69,1.69,2.06,2.06,2.06,2.06,2.06
2100,24,1.72,1.72,1.72,1.72,1.72,2.08,2.08,2.08,2.08,2.08
2100,25,1.75,1.75,1.75,1.75,1.75,2.1,2.1,2.1,2.1,2.1
2200,0,1,1,1,1,1,1,1,1,1,1
2200,1,1.145,1.145,1.145,1.145,1.145,1.08,1.08,1.08,1.08,1.08
2200,2,1.29,1.29,1.29,1.29,1.29,1.16,1.16,1.16,1.16,1.16
2200,3,1.435,1.435,1.435,1.435,1.435,1.24,1.24,1.24,1.24,1.24
2200,4,1.58,1.58,1.58,1.58,1.58,1.32,1.32,1.32,1.32,1.32
2200,5,1.725,1.725,1.725,1.725,1.725,1.4,1.4,1.4,1.4,1.4
2200,6,1.87,1.87,1.87,1.87,1.87,1.48,1.48,1.48,1.48,1.48
2200,7,2.015,2.015,2.015,2.015,2.015,1.56,1.56,1.56,1.56,1.56
2200,8,2.16,2.16,2.16,2.16,2.16,1.64,1.64,1.64,1.64,1.64
2200,9,2.305,2.305,2.305,2.305,2.305,1.72,1.72,1.72,1.72,1.72
2200,10,2.45,2.45,2.45,2.45,2.45,1.8,1.8,1.8,1.8,1.8
2400,0,1,1,1,1,1,1,1,1,1,1
2400,1,1.145,1.145,1.145,1.145,1.145,1.2,1.2,1.2,1.2,1.2
2400,2,1.29,1.29,1.29,1.29,1.29,1.4,1.4,1.4,1.4,1.4
2400,3,1.435,1.435,1.435,1.435,1.435,1.6,1.6,1.6,1.6,1.6
2400,4,1.58,1.58,1.58,1.58,1.58,1.8,1.8,1.8,1.8,1.8
2400,5,1.725,1.725,1.725,1.725,1.725,2,2,2,2,2
2400,6,1.87,1.87,1.87,1.87,1.87,2.2,2.2,2.2,2.2,2.2
2400,7,2.015,2.015,2.015,2.015,2.015,2.4,2.4,2.4,2.4,2.4
2400,8,2.16,2.16,2.16,2.16,2.16,2.6,2.6,2.6,2.6,2.6
2400,9,2.305,2.305,2.305,2.305,2.305,2.8,2.8,2.8,2.8,2.8
2400,10,2.45,2.45,2.45,2.45,2.45,3,3,3,3,3
2500,0,1,1,1,1,1,1,1,1,1,1
2500,1,1.0756,1.0756,1.0756,1.0756,1.0756,1.15,1.15,1.15,1.15,1.15
2500,2,1.1512,1.1512,1.1512,1.1512,1.1512,1.3,1.3,1.3,1.3,1.3
2500,3,1.2268,1.2268,1.2268,1.2268,1.2268,1.45,1.45,1.45,1.45,1.45
2500,4,1.3024,1.3024,1.3024,1.3024,1.3024,1.5,1.5,1.5,1.5,1.5
2500,5,1.378,1.378,1.378,1.378,1.378,1.55,1.55,1.55,1.55,1.55
2500,6,1.4536,1.4536,1.4536,1.4536,1.4536,1.6,1.6,1.6,1.6,1.6
2500,7,1.5292,1.5292,1.5292,1.5292,1.5292,1.63,1.63,1.63,1.63,1.63
2500,8,1.6048,1.6048,1.6048,1.6048,1.6048,1.66,1.66,1.66,1.66,1.66
2500,9,1.6804,1.6804,1.6804,1.6804,1.6804,1.69,1.69,1.69,1.69,1.69
2500,10,1.75,1.75,1.75,1.75,1.75,1.73,1.73,1.73,1.73,1.73
2600,0,1,1,1,1,1,1,1,1,1,1
2600,1,1.075,1.075,1.075,1.075,1.075,1.15,1.15,1.15,1.15,1.15
2600,2,1.15,1.15,1.15,1.15,1.15,1.3,1.3,1.3,1.3,1.3
2600,3,1.225,1.225,1.225,1.225,1.225,1.45,1.45,1.45,1.45,1.45
2600,4,1.3,1.3,1.3,1.3,1.3,1.6,1.6,1.6,1.6,1.6
2600,5,1.375,1.375,1.375,1.375,1.375,1.75,1.75,1.75,1.75,1.75
2600,6,1.45,1.45,1.45,1.45,1.45,1.9,1.9,1.9,1.9,1.9
2600,7,1.525,1.525,1.525,1.525,1.525,2.05,2.05,2.05,2.05,2.05
2600,8,1.6,1.6,1.6,1.6,1.6,2.2,2.2,2.2,2.2,2.2
2600,9,1.675,1.675,1.675,1.675,1.675,2.35,2.35,2.35,2.35,2.35
2600,10,1.75,1.75,1.75,1.75,1.75,2.5,2.5,2.5,2.5,2.5
2700,0,1,1,1,1,1,1,1,1,1,1
2700,1,1.075,1.075,1.075,1.075,1.075,1.05,1.05,1.05,1.05,1.05
2700,2,1.15,1.15,1.15,1.15,1.15,1.1,1.1,1.1,1.1,1.1
2700,3,1.225,1.225,1.225,1.225,1.225,1.15,1.15,1.15,1.15,1.15
2700,4,1.3,1.3,1.3,1.3,1.3,1.2,1.2,1.2,1.2,1.2
2700,5,1.375,1.375,1.375,1.375,1.375,1.24,1.24,1.24,1.24,1.24
2700,6,1.45,1.45,1.45,1.45,1.45,1.28,1.28,1.28,1.28,1.28
2700,7,1.525,1.525,1.525,1.525,1.525,1.31,1.31,1.31,1.31,1.31
2700,8,1.6,1.6,1.6,1.6,1.6,1.34,1.34,1.34,1.34,1.34
2700,9,1.675,1.675,1.675,1.675,1.675,1.37,1.37,1.37,1.37,1.37
2700,10,1.75,1.75,1.75,1.75,1.75,1.4,1.4,1.4,1.4,1.4
2800,0,1,1,1,1,1,1,1,1,1,1
2800,1,1.075,1.075,1.075,1.075,1.075,1.05,1.05,1.05,1.05,1.05
2800,2,1.15,1.15,1.15,1.15,1.15,1.1,1.1,1.1,1.1,1.1
2800,3,1.225,1.225,1.225,1.225,1.225,1.15,1.15,1.15,1.15,1.15
2800,4,1.3,1.3,1.3,1.3,1.3,1.2,1.2,1.2,1.2,1.2
2800,5,1.375,1.375,1.375,1.375,1.375,1.27,1.27,1.27,1.27,1.27
2800,6,1.45,1.45,1.45,1.45,1.45,1.34,1.34,1.34,1.34,1.34
2800,7,1.525,1.525,1.525,1.525,1.525,1.41,1.41,1.41,1.41,1.41
2800,8,1.6,1.6,1.6,1.6,1.6,1.48,1.48,1.48,1.48,1.48
2800,9,1.675,1.675,1.675,1.675,1.675,1.52,1.52,1.52,1.52,1.52
2800,10,1.75,1.75,1.75,1.75,1.75,1.6,1.6,1.6,1.6,1.6
3000,0,1,1,1,1,1,1,1,1,1,1
3100,0,0.9,0.9,0.9,0.9,0.9,0,0,0,0,0
3100,1,1.024,1.024,1.024,1.024,1.024,0,0,0,0,0
3100,2,1.148,1.148,1.148,1.148,1.148,0,0,0,0,0
3100,3,1.272,1.272,1.272,1.272,1.272,0,0,0,0,0
3100,4,1.396,1.396,1.396,1.396,1.396,0,0,0,0,0
3100,5,1.52,1.52,1.52,1.52,1.52,0,0,0,0,0
3100,6,1.644,1.644,1.644,1.644,1.644,0,0,0,0,0
3100,7,1.768,1.768,1.768,1.768,1.768,0,0,0,0,0
3100,8,1.892,1.892,1.892,1.892,1.892,0,0,0,0,0
3100,9,2.016,2.016,2.016,2.016,2.016,0,0,0,0,0
3100,10,2.14,2.14,2.14,2.14,2.14,0,0,0,0,0
3100,11,2.264,2.264,2.264,2.264,2.264,0,0,0,0,0
3100,12,2.388,2.388,2.388,2.388,2.388,0,0,0,0,0
3100,13,2.512,2.512,2.512,2.512,2.512,0,0,0,0,0
3100,14,2.636,2.636,2.636,2.636,2.636,0,0,0,0,0
3100,15,2.76,2.76,2.76,2.76,2.76,0,0,0,0,0
3100,16,2.884,2.884,2.884,2.884,2.884,0,0,0,0,0
3100,17,3.008,3.008,3.008,3.008,3.008,0,0,0,0,0
3100,18,3.132,3.132,3.132,3.132,3.132,0,0,0,0,0
3100,19,3.256,3.256,3.256,3.256,3.256,0,0,0,0,0
3100,20,3.38,3.38,3.38,3.38,3.38,0,0,0,0,0
3100,21,3.504,3.504,3.504,3.504,3.504,0,0,0,0,0
3100,22,3.628,3.628,3.628,3.628,3.628,0,0,0,0,0
3100,23,3.752,3.752,3.752,3.752,3.752,0,0,0,0,0
3100,24,3.876,3.876,3.876,3.876,3.876,0,0,0,0,0
3100,25,4,4,4,4,4,0,0,0,0,0
3200,0,1,1,1,1,1,0,0,0,0,0
3200,1,1.25,1.25,1.25,1.25,1.25,0,0,0,0,0
3200,2,1.5,1.5,1.5,1.5,1.5,0,0,0,0,0
3200,3,1.75,1.75,1.75,1.75,1.75,0,0,0,0,0
3200,4,2,2,2,2,2,0,0,0,0,0
3200,5,2.25,2.25,2.25,2.25,2.25,0,0,0,0,0
3200,6,2.5,2.5,2.5,2.5,2.5,0,0,0,0,0
3200,7,2.75,2.75,2.75,2.75,2.75,0,0,0,0,0
3200,8,3,3,3,3,3,0,0,0,0,0
3200,9,3.25,3.25,3.25,3.25,3.25,0,0,0,0,0
3200,10,3.5,3.5,3.5,3.5,3.5,0,0,0,0,0
3300,0,1,1,1,1,1,0,0,0,0,0
3300,1,1.125,1.125,1.125,1.125,1.125,0,0,0,0,0
3300,2,1.25,1.25,1.25,1.25,1.25,0,0,0,0,0
3300,3,1.375,1.375,1.375,1.375,1.375,0,0,0,0,0
3300,4,1.5,1.5,1.5,1.5,1.5,0,0,0,0,0
3300,5,1.625,1.625,1.625,1.625,1.625,0,0,0,0,0
3300,6,1.75,1.75,1.75,1.75,1.75,0,0,0,0,0
3300,7,1.875,1.875,1.875,1.875,1.875,0,0,0,0,0
3300,8,2,2,2,2,2,0,0,0,0,0
3300,9,2.125,2.125,2.125,2.125,2.125,0,0,0,0,0
3300,10,2.25,2.25,2.25,2.25,2.25,0,0,0,0,0
3400,0,1,1,1,1,1,0,0,0,0,0
3400,1,1.18,1.18,1.18,1.18,1.18,0,0,0,0,0
3400,2,1.36,1.36,1.36,1.36,1.36,0,0,0,0,0
3400,3,1.54,1.54,1.54,1.54,1.54,0,0,0,0,0
3400,4,1.72,1.72,1.72,1.72,1.72,0,0,0,0,0
3400,5,1.9,1.9,1.9,1.9,1.9,0,0,0,0,0
3400,6,2.08,2.08,2.08,2.08,2.08,0,0,0,0,0
3400,7,2.26,2.26,2.26,2.26,2.26,0,0,0,0,0
3400,8,2.44,2.44,2.44,2.44,2.44,0,0,0,0,0
3400,9,2.62,2.62,2.62,2.62,2.62,0,0,0,0,0
3400,10,2.8,2.8,2.8,2.8,2.8,0,0,0,0,0
3500,0,1,1,1,1,1,0,0,0,0,0
3500,1,1.076,1.076,1.076,1.076,1.076,0,0,0,0,0
3500,2,1.152,1.152,1.152,1.152,1.152,0,0,0,0,0
3500,3,1.228,1.228,1.228,1.228,1.228,0,0,0,0,0
3500,4,1.304,1.304,1.304,1.304,1.304,0,0,0,0,0
3500,5,1.38,1.38,1.38,1.38,1.38,0,0,0,0,0
3500,6,1.456,1.456,1.456,1.456,1.456,0,0,0,0,0
3500,7,1.532,1.532,1.532,1.532,1.532,0,0,0,0,0
3500,8,1.608,1.608,1.608,1.608,1.608,0,0,0,0,0
3500,9,1.684,1.684,1.684,1.684,1.684,0,0,0,0,0
3500,10,1.76,1.76,1.76,1.76,1.76,0,0,0,0,0
3500,11,1.836,1.836,1.836,1.836,1.836,0,0,0,0,0
3500,12,1.912,1.912,1.912,1.912,1.912,0,0,0,0,0
3500,13,1.988,1.988,1.988,1.988,1.988,0,0,0,0,0
3500,14,2.064,2.064,2.064,2.064,2.064,0,0,0,0,0
3500,15,2.14,2.14,2.14,2.14,2.14,0,0,0,0,0
3500,16,2.216,2.216,2.216,2.216,2.216,0,0,0,0,0
3500,17,2.292,2.292,2.292,2.292,2.292,0,0,0,0,0
3500,18,2.368,2.368,2.368,2.368,2.368,0,0,0,0,0
3500,19,2.444,2.444,2.444,2.444,2.444,0,0,0,0,0
3500,20,2.52,2.52,2.52,2.52,2.52,0,0,0,0,0
3500,21,2.596,2.596,2.596,2.596,2.596,0,0,0,0,0
3500,22,2.672,2.672,2.672,2.672,2.672,0,0,0,0,0
3500,23,2.748,2.748,2.748,2.748,2.748,0,0,0,0,0
3500,24,2.824,2.824,2.824,2.824,2.824,0,0,0,0,0
3500,25,2.9,2.9,2.9,2.9,2.9,0,0,0,0,0
4000,0,0.95,1,1,1,1,1.5,0,1,1,1
4000,1,1.04,1.1,1.1,1.1,1.1,1.59,0,1,1,1
4000,2,1.13,1.2,1.2,1.2,1.2,1.68,0,1,1,1
4000,3,1.22,1.3,1.3,1.3,1.3,1.77,0,1,1,1
4000,4,1.31,1.4,1.4,1.4,1.4,1.86,0,1,1,1
4000,5,1.4,1.5,1.5,1.5,1.5,1.88,0,1,1,1
4000,6,1.49,1.6,1.6,1.6,1.6,1.9,0,1,1,1
4000,7,1.58,1.7,1.7,1.7,1.7,1.92,0,1,1,1
4000,8,1.67,1.8,1.8,1.8,1.8,1.94,0,1,1,1
4000,9,1.76,1.9,1.9,1.9,1.9,1.96,0,1,1,1
4000,10,1.85,2,2,2,2,2,0,1,1,1
4100,0,0.95,1,1,1,1,1.1,1.1,1,1,1
4100,1,1.04,1.1,1.1,1.1,1.1,1.13,1.13,1,1,1
4100,2,1.13,1.2,1.2,1.2,1.2,1.16,1.16,1,1,1
4100,3,1.22,1.3,1.3,1.3,1.3,1.19,1.19,1,1,1
4100,4,1.31,1.4,1.4,1.4,1.4,1.21,1.21,1,1,1
4100,5,1.4,1.5,1.5,1.5,1.5,1.22,1.22,1,1,1
4100,6,1.49,1.6,1.6,1.6,1.6,1.23,1.23,1,1,1
4100,7,1.58,1.7,1.7,1.7,1.7,1.24,1.24,1,1,1
4100,8,1.67,1.8,1.8,1.8,1.8,1.25,1.25,1,1,1
4100,9,1.76,1.9,1.9,1.9,1.9,1.26,1.26,1,1,1
4100,10,1.85,2,2,2,2,1.25,1.25,1,1,1
4500,0,1.1,1.1,1.1,1.1,1.1,1,1,1,1,1
4500,1,1.28,1.28,1.28,1.28,1.28,1.08,1.08,1.08,1.08,1.08
4500,2,1.46,1.46,1.46,1.46,1.46,1.16,1.16,1.16,1.16,1.16
4500,3,1.64,1.64,1.64,1.64,1.64,1.24,1.24,1.24,1.24,1.24
4500,4,1.82,1.82,1.82,1.82,1.82,1.32,1.32,1.32,1.32,1.32
4500,5,2,2,2,2,2,1.4,1.4,1.4,1.4,1.4
4600,0,1.15,1.15,1.15,1.15,1.15,1,1,1,1,1
4600,1,1.28,1.28,1.28,1.28,1.28,1.08,1.08,1.08,1.08,1.08
4600,2,1.37,1.37,1.37,1.37,1.37,1.16,1.16,1.16,1.16,1.16
4600,3,1.6,1.6,1.6,1.6,1.6,1.24,1.24,1.24,1.24,1.24
4600,4,1.8,1.8,1.8,1.8,1.8,1.32,1.32,1.32,1.32,1.32
4600,5,2,2,2,2,2,1.4,1.4,1.4,1.4,1.4
5000,0,0.95,0.95,0.95,0.95,0.95,0.5,1.5,1,1,1
5000,1,1,1,1,1,1,0.53,1.55,1.04,1.04,1.04
5000,2,1.05,1.05,1.05,1.05,1.05,0.56,1.6,1.08,1.08,1.08
5000,3,1.1,1.1,1.1,1.1,1.1,0.59,1.65,1.12,1.12,1.12
5000,4,1.15,1.15,1.15,1.15,1.15,0.62,1.7,1.16,1.16,1.16
5000,5,1.2,1.2,1.2,1.2,1.2,0.65,1.75,1.2,1.2,1.2
5000,6,1.25,1.25,1.25,1.25,1.25,0.68,1.8,1.24,1.24,1.24
5000,7,1.3,1.3,1.3,1.3,1.3,0.71,1.85,1.28,1.28,1.28
5000,8,1.35,1.35,1.35,1.35,1.35,0.74,1.9,1.32,1.32,1.32
5000,9,1.4,1.4,1.4,1.4,1.4,0.77,1.95,1.36,1.36,1.36
5000,10,1.45,1.45,1.45,1.45,1.45,0.8,2,1.4,1.4,1.4
5000,11,1.5,1.5,1.5,1.5,1.5,0.84,2.04,1.43,1.43,1.43
5000,12,1.55,1.55,1.55,1.55,1.55,0.88,2.08,1.46,1.46,1.46
5000,13,1.6,1.6,1.6,1.6,1.6,0.92,2.12,1.49,1.49,1.49
5000,14,1.65,1.65,1.65,1.65,1.65,0.96,2.16,1.52,1.52,1.52
5000,15,1.7,1.7,1.7,1.7,1.7,1,2.2,1.55,1.55,1.55
5000,16,1.75,1.75,1.75,1.75,1.75,1.04,2.24,1.58,1.58,1.58
5000,17,1.8,1.8,1.8,1.8,1.8,1.08,2.28,1.61,1.61,1.61
5000,18,1.85,1.85,1.85,1.85,1.85,1.12,2.32,1.64,1.64,1.64
5000,19,1.9,1.9,1.9,1.9,1.9,1.16,2.36,1.67,1.67,1.67
5000,20,1.95,1.95,1.95,1.95,1.95,1.2,2.4,1.7,1.7,1.7
5000,21,2,2,2,2,2,1.22,2.42,1.72,1.72,1.72
5000,22,2.05,2.05,2.05,2.05,2.05,1.24,2.44,1.74,1.74,1.74
5000,23,2.1,2.1,2.1,2.1,2.1,1.26,2.46,1.76,1.76,1.76
5000,24,2.15,2.15,2.15,2.15,2.15,1.28,2.48,1.78,1.78,1.78
5000,25,2.2,2.2,2.2,2.2,2.2,1.3,2.5,1.8,1.8,1.8
6000,0,0.95,0.95,0.95,0.95,0.95,1.4,0.5,1,1,1
6000,1,1,1,1,1,1,1.46,0.53,1.04,1.04,1.04
6000,2,1.05,1.05,1.05,1.05,1.05,1.52,0.56,1.08,1.08,1.08
6000,3,1.1,1.1,1.1,1.1,1.1,1.58,0.59,1.12,1.12,1.12
6000,4,1.15,1.15,1.15,1.15,1.15,1.64,0.62,1.16,1.16,1.16
6000,5,1.2,1.2,1.2,1.2,1.2,1.7,0.65,1.2,1.2,1.2
6000,6,1.25,1.25,1.25,1.25,1.25,1.76,0.68,1.24,1.24,1.24
6000,7,1.3,1.3,1.3,1.3,1.3,1.82,0.71,1.28,1.28,1.28
6000,8,1.35,1.35,1.35,1.35,1.35,1.88,0.74,1.32,1.32,1.32
6000,9,1.4,1.4,1.4,1.4,1.4,1.94,0.77,1.36,1.36,1.36
6000,10,1.45,1.45,1.45,1.45,1.45,2,0.8,1.4,1.4,1.4
6000,11,1.5,1.5,1.5,1.5,1.5,2.05,0.83,1.43,1.43,1.43
6000,12,1.55,1.55,1.55,1.55,1.55,2.1,0.86,1.46,1.46,1.46
6000,13,1.6,1.6,1.6,1.6,1.6,2.15,0.89,1.49,1.49,1.49
6000,14,1.65,1.65,1.65,1.65,1.65,2.2,0.92,1.52,1.52,1.52
6000,15,1.7,1.7,1.7,1.7,1.7,2.25,0.95,1.55,1.55,1.55
6000,16,1.75,1.75,1.75,1.75,1.75,2.3,0.98,1.58,1.58,1.58
6000,17,1.8,1.8,1.8,1.8,1.8,2.35,1.01,1.61,1.61,1.61
6000,18,1.85,1.85,1.85,1.85,1.85,2.4,1.04,1.64,1.64,1.64
6000,19,1.9,1.9,1.9,1.9,1.9,2.45,1.07,1.67,1.67,1.67
6000,20,1.95,1.95,1.95,1.95,1.95,2.5,1.1,1.7,1.7,1.7
6000,21,2,2,2,2,2,2.52,1.12,1.72,1.72,1.72
6000,22,2.05,2.05,2.05,2.05,2.05,2.54,1.14,1.74,1.74,1.74
6000,23,2.1,2.1,2.1,2.1,2.1,2.56,1.16,1.76,1.76,1.76
6000,24,2.15,2.15,2.15,2.15,2.15,2.58,1.18,1.78,1.78,1.78
6000,25,2.2,2.2,2.2,2.2,2.2,2.6,1.2,1.8,1.8,1.8
6100,0,0.95,1,1,1,1,1.3,1.3,1,1,1
6100,1,1.03,1.1,1.1,1.1,1.1,1.39,1.39,1,1,1
6100,2,1.11,1.2,1.2,1.2,1.2,1.48,1.48,1,1,1
6100,3,1.19,1.3,1.3,1.3,1.3,1.57,1.57,1,1,1
6100,4,1.27,1.4,1.4,1.4,1.4,1.66,1.66,1,1,1
6100,5,1.35,1.5,1.5,1.5,1.5,1.68,1.68,1,1,1
6100,6,1.43,1.6,1.6,1.6,1.6,1.7,1.7,1,1,1
6100,7,1.51,1.7,1.7,1.7,1.7,1.72,1.72,1,1,1
6100,8,1.59,1.8,1.8,1.8,1.8,1.74,1.74,1,1,1
6100,9,1.67,1.9,1.9,1.9,1.9,1.76,1.76,1,1,1
6100,10,1.75,2,2,2,2,1.8,1.8,1,1,1
6200,0,0.95,1,1,1,1,1.5,0,1,1,1
6200,1,1.04,1.1,1.1,1.1,1.1,1.63,0,1,1,1
6200,2,1.13,1.2,1.2,1.2,1.2,1.76,0,1,1,1
6200,3,1.22,1.3,1.3,1.3,1.3,1.89,0,1,1,1
6200,4,1.31,1.4,1.4,1.4,1.4,2.03,0,1,1,1
6200,5,1.4,1.5,1.5,1.5,1.5,2.09,0,1,1,1
6200,6,1.49,1.6,1.6,1.6,1.6,2.15,0,1,1,1
6200,7,1.58,1.7,1.7,1.7,1.7,2.21,0,1,1,1
6200,8,1.67,1.8,1.8,1.8,1.8,2.27,0,1,1,1
6200,9,1.76,1.9,1.9,1.9,1.9,2.33,0,1,1,1
6200,10,1.85,2,2,2,2,2.4,0,1,1,1
6300,0,0.95,1,1,1,1,0.95,1.5,1,1,1
6300,1,1.04,1.1,1.1,1.1,1.1,0.98,1.61,1.07,1.07,1
6300,2,1.13,1.2,1.2,1.2,1.2,1.01,1.72,1.14,1.14,1
6300,3,1.22,1.3,1.3,1.3,1.3,1.04,1.83,1.21,1.21,1
6300,4,1.31,1.4,1.4,1.4,1.4,1.06,1.93,1.29,1.29,1
6300,5,1.4,1.5,1.5,1.5,1.5,1.07,1.96,1.31,1.31,1
6300,6,1.49,1.6,1.6,1.6,1.6,1.08,1.99,1.33,1.33,1
6300,7,1.58,1.7,1.7,1.7,1.7,1.09,2.02,1.35,1.35,1
6300,8,1.67,1.8,1.8,1.8,1.8,1.1,2.05,1.37,1.37,1
6300,9,1.76,1.9,1.9,1.9,1.9,1.11,2.08,1.39,1.39,1
6300,10,1.85,2,2,2,2,1.1,2.1,1.4,1.4,1
7000,0,0.98,1,1,1,1,1.6,0,1,1,1
7000,1,1.067,1.1,1.1,1.1,1.1,1.66,0,1.05,1.05,1
7000,2,1.154,1.2,1.2,1.2,1.2,1.72,0,1.1,1.1,1
7000,3,1.241,1.3,1.3,1.3,1.3,1.78,0,1.15,1.15,1
7000,4,1.328,1.4,1.4,1.4,1.4,1.85,0,1.2,1.2,1
7000,5,1.415,1.5,1.5,1.5,1.5,1.89,0,1.23,1.23,1
7000,6,1.502,1.6,1.6,1.6,1.6,1.93,0,1.26,1.26,1
7000,7,1.589,1.7,1.7,1.7,1.7,1.97,0,1.29,1.29,1
7000,8,1.676,1.8,1.8,1.8,1.8,2.01,0,1.32,1.32,1
7000,9,1.763,1.9,1.9,1.9,1.9,2.05,0,1.35,1.35,1
7000,10,1.85,2,2,2,2,2.1,0,1.4,1.4,1
8000,0,1,1,1,1,1,1,1,1,1,1
8000,1,1.058,1.058,1.058,1.058,1.058,1.04,1.04,1.04,1.04,1.04
8000,2,1.116,1.116,1.116,1.116,1.116,1.08,1.08,1.08,1.08,1.08
8000,3,1.174,1.174,1.174,1.174,1.174,1.12,1.12,1.12,1.12,1.12
8000,4,1.232,1.232,1.232,1.232,1.232,1.16,1.16,1.16,1.16,1.16
8000,5,1.29,1.29,1.29,1.29,1.29,1.2,1.2,1.2,1.2,1.2
8000,6,1.348,1.348,1.348,1.348,1.348,1.24,1.24,1.24,1.24,1.24
8000,7,1.406,1.406,1.406,1.406,1.406,1.28,1.28,1.28,1.28,1.28
8000,8,1.464,1.464,1.464,1.464,1.464,1.32,1.32,1.32,1.32,1.32
8000,9,1.522,1.522,1.522,1.522,1.522,1.36,1.36,1.36,1.36,1.36
8000,10,1.58,1.58,1.58,1.58,1.58,1.4,1.4,1.4,1.4,1.4
8000,11,1.638,1.638,1.638,1.638,1.638,1.43,1.43,1.43,1.43,1.43
8000,12,1.696,1.696,1.696,1.696,1.696,1.46,1.46,1.46,1.46,1.46
8000,13,1.754,1.754,1.754,1.754,1.754,1.49,1.49,1.49,1.49,1.49
8000,14,1.812,1.812,1.812,1.812,1.812,1.52,1.52,1.52,1.52,1.52
8000,15,1.87,1.87,1.87,1.87,1.87,1.55,1.55,1.55,1.55,1.55
8000,16,1.928,1.928,1.928,1.928,1.928,1.58,1.58,1.58,1.58,1.58
8000,17,1.986,1.986,1.986,1.986,1.986,1.61,1.61,1.61,1.61,1.61
8000,18,2.044,2.044,2.044,2.044,2.044,1.64,1.64,1.64,1.64,1.64
8000,19,2.102,2.102,2.102,2.102,2.102,1.67,1.67,1.67,1.67,1.67
8000,20,2.16,2.16,2.16,2.16,2.16,1.7,1.7,1.7,1.7,1.7
8000,21,2.218,2.218,2.218,2.218,2.218,1.72,1.72,1.72,1.72,1.72
8000,22,2.276,2.276,2.276,2.276,2.276,1.74,1.74,1.74,1.74,1.74
8000,23,2.334,2.334,2.334,2.334,2.334,1.76,1.76,1.76,1.76,1.76
8000,24,2.392,2.392,2.392,2.392,2.392,1.78,1.78,1.78,1.78,1.78
8000,25,2.45,2.45,2.45,2.45,2.45,1.8,1.8,1.8,1.8,1.8
8100,0,1,1,1,1,1,1,1,1,1,1
8100,1,1.058,1.058,1.058,1.058,1.058,1.04,1.04,1.04,1.04,1.04
8100,2,1.116,1.116,1.116,1.116,1.116,1.08,1.08,1.08,1.08,1.08
8100,3,1.174,1.174,1.174,1.174,1.174,1.12,1.12,1.12,1.12,1.12
8100,4,1.232,1.232,1.232,1.232,1.232,1.16,1.16,1.16,1.16,1.16
8100,5,1.29,1.29,1.29,1.29,1.29,1.2,1.2,1.2,1.2,1.2
8100,6,1.348,1.348,1.348,1.348,1.348,1.24,1.24,1.24,1.24,1.24
8100,7,1.406,1.406,1.406,1.406,1.406,1.28,1.28,1.28,1.28,1.28
8100,8,1.464,1.464,1.464,1.464,1.464,1.32,1.32,1.32,1.32,1.32
8100,9,1.522,1.522,1.522,1.522,1.522,1.36,1.36,1.36,1.36,1.36
8100,10,1.58,1.58,1.58,1.58,1.58,1.4,1.4,1.4,1.4,1.4
8100,11,1.638,1.638,1.638,1.638,1.638,1.43,1.43,1.43,1.43,1.43
8100,12,1.696,1.696,1.696,1.696,1.696,1.46,1.46,1.46,1.46,1.46
8100,13,1.754,1.754,1.754,1.754,1.754,1.49,1.49,1.49,1.49,1.49
8100,14,1.812,1.812,1.812,1.812,1.812,1.52,1.52,1.52,1.52,1.52
8100,15,1.87,1.87,1.87,1.87,1.87,1.55,1.55,1.55,1.55,1.55
8100,16,1.928,1.928,1.928,1.928,1.928,1.58,1.58,1.58,1.58,1.58
8100,17,1.986,1.986,1.986,1.986,1.986,1.61,1.61,1.61,1.61,1.61
8100,18,2.044,2.044,2.044,2.044,2.044,1.64,1.64,1.64,1.64,1.64
8100,19,2.102,2.102,2.102,2.102,2.102,1.67,1.67,1.67,1.67,1.67
8100,20,2.16,2.16,2.16,2.16,2.16,1.7,1.7,1.7,1.7,1.7
8100,21,2.218,2.218,2.218,2.218,2.218,1.72,1.72,1.72,1.72,1.72
8100,22,2.276,2.276,2.276,2.276,2.276,1.74,1.74,1.74,1.74,1.74
8100,23,2.334,2.334,2.334,2.334,2.334,1.76,1.76,1.76,1.76,1.76
8100,24,2.392,2.392,2.392,2.392,2.392,1.78,1.78,1.78,1.78,1.78
8100,25,2.45,2.45,2.45,2.45,2.45,1.8,1.8,1.8,1.8,1.8
8200,0,1,1,1,1,1,1,1,1,1,1
8200,1,1.058,1.058,1.058,1.058,1.058,1.04,1.04,1.04,1.04,1.04
8200,2,1.116,1.116,1.116,1.116,1.116,1.08,1.08,1.08,1.08,1.08
8200,3,1.174,1.174,1.174,1.174,1.174,1.12,1.12,1.12,1.12,1.12
8200,4,1.232,1.232,1.232,1.232,1.232,1.16,1.16,1.16,1.16,1.16
8200,5,1.29,1.29,1.29,1.29,1.29,1.2,1.2,1.2,1.2,1.2
8200,6,1.348,1.348,1.348,1.348,1.348,1.24,1.24,1.24,1.24,1.24
8200,7,1.406,1.406,1.406,1.406,1.406,1.28,1.28,1.28,1.28,1.28
8200,8,1.464,1.464,1.464,1.464,1.464,1.32,1.32,1.32,1.32,1.32
8200,9,1.522,1.522,1.522,1.522,1.522,1.36,1.36,1.36,1.36,1.36
8200,10,1.58,1.58,1.58,1.58,1.58,1.4,1.4,1.4,1.4,1.4
8200,11,1.638,1.638,1.638,1.638,1.638,1.43,1.43,1.43,1.43,1.43
8200,12,1.696,1.696,1.696,1.696,1.696,1.46,1.46,1.46,1.46,1.46
8200,13,1.754,1.754,1.754,1.754,1.754,1.49,1.49,1.49,1.49,1.49
8200,14,1.812,1.812,1.812,1.812,1.812,1.52,1.52,1.52,1.52,1.52
8200,15,1.87,1.87,1.87,1.87,1.87,1.55,1.55,1.55,1.55,1.55
8200,16,1.928,1.928,1.928,1.928,1.928,1.58,1.58,1.58,1.58,1.58
8200,17,1.986,1.986,1.986,1.986,1.986,1.61,1.61,1.61,1.61,1.61
8200,18,2.044,2.044,2.044,2.044,2.044,1.64,1.64,1.64,1.64,1.64
8200,19,2.102,2.102,2.102,2.102,2.102,1.67,1.67,1.67,1.67,1.67
8200,20,2.16,2.16,2.16,2.16,2.16,1.7,1.7,1.7,1.7,1.7
8200,21,2.218,2.218,2.218,2.218,2.218,1.72,1.72,1.72,1.72,1.72
8200,22,2.276,2.276,2.276,2.276,2.276,1.74,1.74,1.74,1.74,1.74
8200,23,2.334,2.334,2.334,2.334,2.334,1.76,1.76,1.76,1.76,1.76
8200,24,2.392,2.392,2.392,2.392,2.392,1.78,1.78,1.78,1.78,1.78
8200,25,2.45,2.45,2.45,2.45,2.45,1.8,1.8,1.8,1.8,1.8
8300,0,1.2,1.2,1.2,1.2,1.2,1,1,1,1,1
8300,1,1.31,1.31,1.31,1.31,1.31,1.08,1.08,1.08,1.08,1.08
8300,2,1.42,1.42,1.42,1.42,1.42,1.16,1.16,1.16,1.16,1.16
8300,3,1.53,1.53,1.53,1.53,1.53,1.24,1.24,1.24,1.24,1.24
8300,4,1.64,1.64,1.64,1.64,1.64,1.32,1.32,1.32,1.32,1.32
8300,5,1.75,1.75,1.75,1.75,1.75,1.4,1.4,1.4,1.4,1.4
8300,6,1.86,1.86,1.86,1.86,1.86,1.48,1.48,1.48,1.48,1.48
8300,7,1.97,1.97,1.97,1.97,1.97,1.56,1.56,1.56,1.56,1.56
8300,8,2.08,2.08,2.08,2.08,2.08,1.64,1.64,1.64,1.64,1.64
8300,9,2.19,2.19,2.19,2.19,2.19,1.72,1.72,1.72,1.72,1.72
8300,10,2.3,2.3,2.3,2.3,2.3,1.8,1.8,1.8,1.8,1.8
8500,0,1.2,1.2,1.2,1.2,1.2,1,1,1,1,1
8500,1,1.335,1.335,1.335,1.335,1.335,1.08,1.08,1.08,1.08,1.08
8500,2,1.47,1.47,1.47,1.47,1.47,1.16,1.16,1.16,1.16,1.16
8500,3,1.605,1.605,1.605,1.605,1.605,1.24,1.24,1.24,1.24,1.24
8500,4,1.74,1.74,1.74,1.74,1.74,1.32,1.32,1.32,1.32,1.32
8500,5,1.875,1.875,1.875,1.875,1.875,1.4,1.4,1.4,1.4,1.4
8500,6,2.01,2.01,2.01,2.01,2.01,1.48,1.48,1.48,1.48,1.48
8500,7,2.145,2.145,2.145,2.145,2.145,1.56,1.56,1.56,1.56,1.56
8500,8,2.28,2.28,2.28,2.28,2.28,1.64,1.64,1.64,1.64,1.64
8500,9,2.415,2.415,2.415,2.415,2.415,1.72,1.72,1.72,1.72,1.72
8500,10,2.55,2.55,2.55,2.55,2.55,1.8,1.8,1.8,1.8,1.8
9000,0,1,1,1,1,1,1,1,1,1,1
9000,1,1.1,1.1,1.1,1.1,1.1,1.05,1.05,1.05,1.05,1.05
9000,2,1.2,1.2,1.2,1.2,1.2,1.1,1.1,1.1,1.1,1.1
9000,3,1.3,1.3,1.3,1.3,1.3,1.15,1.15,1.15,1.15,1.15
9000,4,1.4,1.4,1.4,1.4,1.4,1.2,1.2,1.2,1.2,1.2
9000,5,1.5,1.5,1.5,1.5,1.5,1.23,1.23,1.23,1.23,1.23
9000,6,1.6,1.6,1.6,1.6,1.6,1.26,1.26,1.26,1.26,1.26
9000,7,1.7,1.7,1.7,1.7,1.7,1.29,1.29,1.29,1.29,1.29
9000,8,1.8,1.8,1.8,1.8,1.8,1.32,1.32,1.32,1.32,1.32
9000,9,1.9,1.9,1.9,1.9,1.9,1.35,1.35,1.35,1.35,1.35
9000,10,2,2,2,2,2,1.4,1.4,1.4,1.4,1.4
